0,1,2,3,4,5,6,7,8,9,10,11,12,13,14,15,16,17,18,19,20,21,22,23,class
1,0.2058823529,1,0.0494505495,0,0.25,0.3333333333,0,0.3333333333,0.1964285714,1,0.3333333333,0,0,0,1,0,1,0,0,1,0,0,1,0
0,0.2941176471,0.5,0.1703296703,0,1,0.6666666667,0.3333333333,0.3333333333,0.3571428571,1,0,0,1,0,0,0,1,0,1,0,0,0,0,1
0.3333333333,0.1176470588,1,0.0989010989,0.25,0.25,0.6666666667,0,0.6666666667,0.1428571429,1,0,0,0,0,1,0,1,0,0,1,0,0,1,0
0,0.1176470588,1,0.1098901099,0,0.5,0.6666666667,1,0.3333333333,0.3392857143,0,0.3333333333,0,0,1,1,0,1,0,0,1,0,1,0,0
1,0.1176470588,0.5,0.0824175824,0,0.75,0.3333333333,1,0,0.2142857143,1,0,0,0,0,0,0,1,0,0,1,0,1,0,0
0,0.2352941176,1,0.2252747253,0,1,0.3333333333,1,0.3333333333,0.0892857143,1,0.3333333333,0,0,0,0,0,1,0,0,1,0,0,1,0
1,0.2941176471,0.75,0.2472527473,0,0.75,0.6666666667,0.6666666667,0.6666666667,0.2857142857,1,0.3333333333,0,1,0,0,1,1,0,0,1,0,1,0,0
0,0.2941176471,0.5,0.4120879121,1,0.25,0.3333333333,0.3333333333,0.3333333333,0.1964285714,1,0,0,1,1,0,0,1,0,0,1,0,0,1,0
0,0.2941176471,0.5,0.0549450549,0,0.25,0.3333333333,1,0.3333333333,0.0892857143,1,0,0,0,0,1,0,1,0,1,0,0,0,1,1
0.6666666667,0.0294117647,1,0.0604395604,0.25,1,0,1,0.6666666667,0.1607142857,1,0.3333333333,1,1,0,1,0,1,0,0,1,0,0,1,0
0,0.6470588235,1,0.3351648352,0,1,0.6666666667,1,1,0.4821428571,1,0.3333333333,0,1,0,0,1,1,0,0,0,0,0,1,1
0.3333333333,0.1176470588,0.5,0.043956044,0.25,0.75,0.6666666667,1,0,0.3571428571,1,0,0,0,0,0,0,1,0,0,1,0,1,0,0
0.3333333333,0.5147058824,0.75,0.6373626374,0.25,0.75,0.6666666667,0.6666666667,1,0.2321428571,1,0,0,1,0,0,0,1,0,1,0,0,0,1,0
0.3333333333,0.1176470588,1,0.1208791209,0.5,0.75,0,0.6666666667,0.6666666667,0.3035714286,1,0,0,1,0,1,0,1,0,0,1,0,0,0,0
1,0.0294117647,0.25,0.032967033,1,0.5,0.6666666667,0.3333333333,0,0.125,0.5,0,1,0,0,1,0,0,0,0,1,0,1,0,0
0.3333333333,0.1176470588,0.5,0.0549450549,0,1,0,0,0,0.4821428571,1,0.3333333333,0,0,0,1,0,1,0,1,0,0,0,1,1
1,0.1176470588,0.5,0.0769230769,0,0.5,0.6666666667,0.3333333333,0,0.5535714286,1,0,0,0,0,0,0,1,0,0,1,0,0,1,0
1,0.4705882353,1,0.3351648352,1,1,0.6666666667,1,0,0.3035714286,1,0.3333333333,0,0,0,0,0,1,0,0,1,0,0,1,0
1,0.2941176471,1,0.2692307692,0,0.25,1,0.6666666667,1,0.5,1,0.6666666667,0,1,0,0,0,1,0,0,0,0,0,1,0
1,0.2058823529,1,0.1978021978,0,0.75,0.6666666667,0,0.6666666667,0.1428571429,1,0.3333333333,0,0,0,0,1,1,0,0,1,0,0,1,0
0,0.3823529412,0.5,0.3406593407,1,1,0.6666666667,1,0.3333333333,0.2142857143,1,0,0,0,0,0,0,1,0,0,1,0,0,1,1
0.3333333333,0.1176470588,0.5,0.1538461538,0,0.25,0.3333333333,0,0,0.2678571429,1,0,0,0,0,0,0,1,0,1,0,0,0,0,0
0.3333333333,0.1176470588,0.5,0.032967033,1,1,0.6666666667,1,0.3333333333,0.3392857143,1,0.3333333333,0,0,0,0,0,1,0,0,1,0,0,1,0
0,0.0294117647,1,0.2472527473,1,0.25,0.6666666667,0.6666666667,0,0.4464285714,1,0.3333333333,1,0,0,1,0,1,0,0,1,0,1,0,0
1,0.2941176471,1,0.1483516484,0.25,1,0.6666666667,1,0,0.3035714286,1,0,1,1,0,0,0,1,0,0,1,0,0,1,0
1,0.2941176471,0.5,0.0934065934,0.25,0.5,0.6666666667,1,0.6666666667,0.1785714286,1,0,0,1,0,0,0,1,0,1,0,0,0,0,0
1,0.1176470588,0.5,0.032967033,0,0.5,1,0.3333333333,0,0.1607142857,1,0,0,0,0,0,0,1,0,0,1,0,0,1,0
0.3333333333,0.2941176471,0.5,0.2692307692,1,1,0.3333333333,1,0.6666666667,0.4107142857,1,0,0,1,0,0,0,1,0,0,1,0,0,1,0
0,0.1617647059,1,0.0714285714,0,1,0.6666666667,1,0.6666666667,0.4464285714,1,0.3333333333,1,1,0,0,0,1,0,0,1,0,0,1,0
0,0.25,1,0.021978022,0,1,0.6666666667,1,0,0.8214285714,1,0.3333333333,0,0,0,1,0,1,0,0,1,0,0,1,0
1,0.2941176471,0.5,0.0769230769,0,0.75,0.6666666667,0,0.6666666667,0.2321428571,0,0,1,0,0,0,0,1,0,0,1,0,0,1,0
1,0.25,0.5,0.1648351648,1,1,0.6666666667,0.6666666667,0.3333333333,0.3928571429,1,0,0,1,0,0,0,1,0,0,1,0,0,1,0
0.3333333333,0.2058823529,1,0.0384615385,0,1,0.6666666667,1,0.6666666667,0.3035714286,0,0,1,1,0,1,0,1,0,0,1,0,0,1,1
0.3333333333,0.0735294118,0.5,0.0164835165,0,0.5,0.6666666667,0.6666666667,0,0.0892857143,1,0,0,0,0,0,0,1,0,0,1,0,0,1,0
0.3333333333,0.2941176471,0.5,0.2142857143,0,0.75,0,0.6666666667,0.6666666667,0.4285714286,1,0,0,1,0,0,0,1,0,0,1,0,0,1,1
0,0.1617647059,0.5,0.0604395604,1,0.5,0.3333333333,0.3333333333,0.6666666667,0.0892857143,1,0,0,0,0,0,0,1,0,1,0,0,0,1,1
0.3333333333,0.1323529412,1,0.0384615385,0,0.25,0.6666666667,1,0,0.0714285714,1,0.3333333333,0,0,0,0,0,0,0,0,1,0,0,1,0
0.3333333333,0.4705882353,0.5,0.1153846154,0,0.75,0.6666666667,1,0.6666666667,0.0892857143,1,0,0,0,0,0,0,1,0,1,0,0,0,1,0
0.3333333333,0.2941176471,0.75,0.3736263736,0.25,0.75,0.6666666667,1,0.6666666667,0.3035714286,1,0,0,1,0,0,0,1,0,1,0,0,0,0,0
1,0.2941176471,0.5,0.0714285714,0,0.25,0.3333333333,0.6666666667,0.6666666667,0.3392857143,0.5,0,0,1,0,0,0,1,0,0,1,0,0,1,0
0,0.6323529412,0.5,0.5769230769,0,0.25,0.3333333333,0,0,0.2857142857,1,0,0,1,0,1,0,1,0,0,1,0,1,0,0
0,0.2058823529,0.5,0.0549450549,0,0.25,0.3333333333,0.6666666667,0.6666666667,0.0714285714,1,0,0,1,0,1,0,1,0,1,0,0,0,1,1
1,0.1176470588,1,0.0604395604,1,1,0.6666666667,1,1,0.6785714286,1,0,0,0,0,0,0,1,0,1,0,0,1,0,0
0,0.2941176471,0.5,0.1483516484,0,0.5,0.6666666667,1,1,0.7857142857,0,0,1,1,0,0,1,0,0,0,1,0,0,1,0
0.3333333333,0.0588235294,0.5,0.0659340659,0,0.5,0.6666666667,0.3333333333,0,0.25,1,0,0,0,1,0,0,0,0,0,1,0,0,1,0
1,0.0735294118,1,0.1043956044,0,0.5,0.6666666667,1,0.6666666667,0.5178571429,1,0.6666666667,0,1,0,1,0,1,0,0,1,0,0,1,0
0,0.0294117647,1,0.0549450549,1,1,0.6666666667,1,0,0.8571428571,1,0.3333333333,0,1,0,0,0,1,0,0,1,0,0,1,0
0.3333333333,0.6470588235,0.25,0.1868131868,0.25,0.75,0.6666666667,0.3333333333,0.6666666667,0.1964285714,1,0,0,0,0,0,0,1,0,0,1,0,0,1,0
0.3333333333,0.3823529412,0.5,0.1098901099,0,0.5,0.3333333333,0.3333333333,1,0.0892857143,0,0,0,0,0,1,0,0,0,0,1,0,0,1,1
0,0.2058823529,0.5,0.043956044,0,0.25,0.3333333333,0.3333333333,0.6666666667,0.0714285714,1,0,0,0,0,1,0,1,0,0,1,0,1,0,1
0.3333333333,0.2058823529,0.5,0.043956044,1,0.5,0.3333333333,0.3333333333,0.3333333333,0.25,1,0,0,0,0,1,0,1,0,0,1,0,0,1,1
0,0.2941176471,1,0.0659340659,0.25,0.75,0.6666666667,0,0,0.125,1,0.3333333333,0,1,0,0,0,1,0,0,1,0,0,1,0
1,0.1029411765,1,0.0659340659,0,0.25,0.3333333333,1,0.6666666667,0.2857142857,1,0.3333333333,0,0,0,1,0,1,0,0,1,0,0,0,0
1,0.1176470588,0.5,0.1813186813,1,0.25,0.6666666667,0.6666666667,0.3333333333,0.4642857143,1,0,1,1,0,1,0,1,0,0,1,0,0,0,0
1,0.6470588235,0.75,0.6868131868,0.5,0.75,0.6666666667,0,0.6666666667,0.3214285714,1,0,0,1,0,0,0,1,0,0,1,0,0,0,0
1,0.2941176471,0.5,0.1153846154,1,0.25,0.6666666667,0,0.3333333333,0.625,1,0,0,0,0,1,0,1,0,0,1,0,0,1,0
0.3333333333,0.0735294118,0.5,0.0384615385,0,0.5,0.3333333333,0,0.3333333333,0.1964285714,1,0,0,0,0,0,0,1,0,0,1,0,0,1,1
0.3333333333,0.8235294118,0.5,0.3351648352,0,0.5,0.6666666667,1,1,0.4107142857,1,0,0,0,0,0,0,1,0,0,0,0,0,1,1
1,0.2941176471,0.5,0.2087912088,0,0.75,0.3333333333,1,0.3333333333,0.1071428571,1,0,0,1,0,0,0,1,0,1,0,0,0,1,0
1,0.1617647059,1,0.0879120879,0,1,0.6666666667,1,0.6666666667,0.4821428571,1,0.3333333333,0,1,0,0,0,1,0,0,1,0,0,1,0
0,0.2941176471,0.5,0.2197802198,0,0.5,0.6666666667,1,0.3333333333,0.1607142857,1,0,0,0,0,0,0,1,0,0,1,0,0,1,0
1,0.2941176471,0.75,0.1538461538,1,0.5,0.6666666667,1,0,0.2321428571,1,0.3333333333,1,1,0,0,0,1,0,0,1,0,0,1,0
0,0.4705882353,0.5,0.2747252747,0,0.75,0.6666666667,0.3333333333,0.3333333333,0.1785714286,1,0,0,0,0,0,0,1,0,0,1,0,0,1,1
0.6666666667,0.2941176471,1,0.0604395604,1,0.75,0.6666666667,0.3333333333,0,0.3214285714,0,0.3333333333,1,0,0,1,0,1,0,0,1,0,1,0,1
0.3333333333,0.0735294118,0.5,0.0659340659,0,0.5,1,0,0,0.1428571429,0,0,0,1,0,0,0,1,0,0,1,0,0,1,0
0,0.4705882353,0.75,0.1043956044,0,0.75,0.6666666667,0,0.6666666667,0.0892857143,1,0.3333333333,0,1,0,0,0,1,0,0,1,0,0,1,1
1,0.2941176471,0.5,0.0714285714,0.25,1,1,1,0,0.3928571429,1,0,0,0,0,1,0,1,0,1,0,0,1,0,0
0.3333333333,0.2058823529,1,0.3956043956,0,0,0.6666666667,1,0.3333333333,0.375,0.5,0.3333333333,0,1,0,0,0,1,0,0,1,0,0,0,0
0,0.2058823529,0.5,0.1868131868,0,0.25,0.3333333333,1,0.6666666667,0.0535714286,1,0,0,0,0,0,0,1,0,1,0,0,0,1,0
1,0.1176470588,1,0.0274725275,0,0.5,0.6666666667,0.3333333333,0.6666666667,0.2321428571,1,0.3333333333,0,0,0,0,0,1,0,0,1,0,0,1,0
1,0.0294117647,0.5,0.0879120879,0,0.5,1,0.3333333333,0.3333333333,0.0357142857,1,0,0,0,0,0,0,1,0,1,0,0,0,1,0
0.3333333333,0.1176470588,0.5,0.0769230769,0,0.5,0.3333333333,0,0.6666666667,0.0535714286,1,0,0,1,0,0,0,1,0,0,1,0,0,1,0
1,0.0882352941,0.5,0.0714285714,0,0.5,0.6666666667,0.3333333333,0,0.2142857143,1,0,1,0,1,1,0,1,0,0,1,0,1,0,0
1,0.2941176471,0.5,0.4175824176,0,0.75,0.6666666667,0.6666666667,0.6666666667,0.3392857143,1,0,0,1,0,0,1,1,0,0,1,0,0,0,0
0,0.0882352941,1,0.043956044,0,0.75,0.6666666667,0.6666666667,0.3333333333,0.5357142857,1,0.3333333333,0,1,0,1,0,0,1,0,1,0,0,1,0
0,0.2058823529,0.25,0.0934065934,0,0.25,0.6666666667,1,1,0.3035714286,0,0,0,1,0,0,0,0,1,0,0,0,0,0,0
0,0.3823529412,1,0.3296703297,0.25,0.75,1,1,0.6666666667,0.0892857143,1,0.3333333333,0,0,0,0,1,1,0,1,0,0,0,1,0
0,0.2058823529,0.5,0.2307692308,0.25,0.5,0.6666666667,1,0.6666666667,0.2857142857,1,0,1,1,0,1,0,1,0,0,1,0,1,0,0
0.6666666667,0.1176470588,1,0.0384615385,0.5,0.75,1,0.3333333333,0,0.1607142857,1,0.6666666667,0,1,0,1,0,1,0,0,1,0,0,1,1
1,0.0735294118,0.5,0.0549450549,0,0.25,0.3333333333,1,0,0.0714285714,1,0,0,1,0,0,0,1,0,1,0,0,0,1,0
1,0.3382352941,0.5,0.1318681319,0,0.5,0.3333333333,0.6666666667,0,0.0357142857,1,0,0,0,0,1,0,1,0,1,0,0,0,1,1
1,0.2941176471,1,0.1043956044,0,0.5,0,0.3333333333,0,0.25,1,0.3333333333,0,1,0,0,0,1,0,0,1,0,0,1,0
1,0.0735294118,0.5,0.1373626374,0,0.5,0.6666666667,0.3333333333,0,0.2321428571,1,0,1,0,0,0,0,1,0,0,1,0,0,1,0
1,0.1617647059,0.5,0.2802197802,0.5,1,0.3333333333,1,1,0.2857142857,1,0,0,0,0,1,0,1,0,0,0,0,0,1,0
0.3333333333,0.2941176471,1,0.4175824176,0.75,1,0.3333333333,1,1,0.1785714286,1,0,0,0,0,0,1,1,0,1,0,0,0,1,0
1,0.2941176471,1,0.3351648352,0,0,0.6666666667,0.3333333333,1,0.1428571429,0,0.3333333333,0,1,0,0,0,0,1,0,1,0,0,0,0
0.3333333333,0.1176470588,1,0.1868131868,0,0.5,0.3333333333,0,0,0.0714285714,1,0,0,0,0,0,0,1,0,0,1,0,1,0,0
0.3333333333,0.0294117647,0.75,0.0659340659,0.25,1,0,0.3333333333,0.6666666667,0.2142857143,0,0.3333333333,1,0,0,0,0,1,0,0,1,0,0,1,0
0,0.1617647059,0.5,0.2087912088,0,0.5,0.3333333333,0.3333333333,0.3333333333,0.1785714286,1,0,0,1,0,1,0,1,0,0,1,0,0,1,1
0,0.4705882353,1,0.1153846154,0,0.5,1,0.3333333333,0.3333333333,0.4821428571,1,0.3333333333,0,1,0,0,0,1,0,0,1,0,0,1,0
1,0.1176470588,1,0.1153846154,0,0,0.6666666667,0.3333333333,0.6666666667,0.4107142857,0.5,0.3333333333,0,1,0,0,0,1,0,0,1,0,0,0,1
1,0.2941176471,0.5,0.0549450549,0,0.25,1,0.3333333333,0,0.1607142857,1,0,0,0,0,1,0,1,0,0,1,0,0,1,0
0,0.0294117647,1,0.1758241758,0,0.5,0,1,0,0.4464285714,1,0,0,1,0,0,0,1,0,1,0,0,0,0,1
1,0.2941176471,0.5,0.0604395604,0.25,0.75,1,0.6666666667,0.3333333333,0.125,1,0,0,1,0,0,0,1,0,0,1,0,0,1,0
1,0.2941176471,1,0.2087912088,1,0.75,0.6666666667,1,0.3333333333,0.4285714286,1,0.3333333333,0,1,0,0,1,1,0,0,1,0,0,1,0
1,0.0294117647,1,0.0274725275,1,1,0.6666666667,1,1,0.3035714286,1,0.3333333333,0,0,0,0,0,1,0,0,0,0,0,1,0
0.3333333333,0.6470588235,0.5,0.8516483516,0,0.5,0.6666666667,0.3333333333,0.6666666667,0.0714285714,1,0,0,1,0,0,0,1,0,0,1,0,0,1,1
0.3333333333,0.0735294118,0.5,0.0494505495,0,1,0.6666666667,1,0.6666666667,0.1428571429,1,0.3333333333,0,0,0,0,0,1,0,0,1,0,1,0,0
0.6666666667,0.1176470588,0.5,0.0659340659,1,1,0.3333333333,1,0,0.6428571429,1,0,0,1,0,0,0,1,0,0,1,0,0,0,0
0.3333333333,0.2058823529,0.5,0.1318681319,0.25,0.5,0.6666666667,1,0.6666666667,0.2678571429,1,0,0,0,0,0,0,1,0,0,1,0,0,1,0
0.3333333333,0.2941176471,1,0.3021978022,0,0.25,0.3333333333,1,1,0.0892857143,1,0.3333333333,0,1,0,0,0,1,0,0,0,0,0,1,0
0,0.2058823529,0.5,0.1318681319,0,0.5,0.6666666667,1,1,0.8214285714,1,0.3333333333,0,0,0,0,0,1,0,0,0,0,0,1,1
1,0,0.5,0.021978022,0,0.25,0.3333333333,0.6666666667,0,0.0714285714,1,0,1,0,0,0,0,1,0,1,0,0,1,0,0
0,0.4705882353,0.5,0.4450549451,1,1,0.6666666667,1,1,0.5,1,0,0,0,0,0,1,1,0,0,0,0,0,1,1
0.3333333333,0.2941176471,0.5,0.1978021978,0.5,0,0.3333333333,1,1,0.0714285714,1,0,0,0,0,0,0,1,0,1,0,1,0,0,0
0.3333333333,1,0.5,0.2967032967,0.25,0.5,1,0.3333333333,0.6666666667,0.0892857143,1,0,0,0,0,0,0,1,0,0,1,0,0,1,1
1,0.0294117647,1,0.010989011,0.25,0.5,0.3333333333,1,0.6666666667,0.5892857143,1,0.3333333333,0,0,0,1,0,1,0,0,1,0,1,0,0
1,0.2941176471,0.5,0.1208791209,0.5,1,0.6666666667,0.3333333333,0.6666666667,0.2857142857,0,0.3333333333,0,1,0,0,0,1,0,0,1,0,0,1,1
1,0.0294117647,0.5,0.2417582418,0,0.25,0.3333333333,1,0.3333333333,0.2321428571,1,0,0,0,0,0,0,1,0,0,1,0,0,1,1
0,0.25,0.5,0.0879120879,0,0.5,0.3333333333,0.3333333333,0,0.1071428571,1,0.3333333333,0,1,0,0,0,1,0,0,1,0,0,1,1
0,0.2941176471,0.5,0.1208791209,0,0.25,0.3333333333,1,0,0.2857142857,1,0,0,1,0,0,0,1,0,0,1,0,0,1,1
0.3333333333,0.2941176471,0.5,0.1593406593,0.25,1,0.6666666667,1,1,0.1964285714,1,0,0,0,0,0,0,1,0,0,0,0,0,1,0
0.3333333333,0.3823529412,1,0.2747252747,0,0,1,0.3333333333,0.6666666667,0.1607142857,1,0.3333333333,0,0,0,1,0,1,0,0,1,0,0,0,1
1,0.0735294118,0.5,0.1263736264,0.5,1,0.6666666667,1,1,0.5714285714,1,0,0,0,0,1,0,1,0,0,0,0,1,0,0
0.3333333333,0.2058823529,1,0.0879120879,0,1,0.3333333333,1,0,0.5178571429,0,0.3333333333,0,1,0,0,0,0,0,1,0,0,1,0,0
1,0.1176470588,0.25,0.1758241758,0.5,0.5,0.3333333333,0.6666666667,0,0.2857142857,1,0,1,0,0,0,0,1,0,0,1,0,1,0,0
1,0.2941176471,1,0.1263736264,0.25,0.75,1,0.6666666667,0.3333333333,0.1428571429,1,0.3333333333,0,1,0,1,0,1,0,0,1,0,0,1,0
1,0.4705882353,0.5,0.1978021978,1,1,0.3333333333,1,0,0.4642857143,1,0,0,1,0,0,0,1,0,0,1,0,1,0,0
1,0.2058823529,1,0.1098901099,0,0.5,0.3333333333,0,0.6666666667,0.1071428571,1,0.3333333333,0,0,0,0,0,1,0,0,1,0,0,1,0
1,0.4705882353,0.5,0.489010989,1,0.5,0.6666666667,1,1,0.2857142857,1,0,1,1,0,0,0,1,0,0,0,0,1,0,0
0.3333333333,0.2941176471,1,0.6428571429,0,0.5,0.6666666667,0.6666666667,0.6666666667,0.3571428571,1,0.3333333333,1,1,0,0,0,0,1,0,1,0,0,0,1
1,0.8235294118,0.5,0.5604395604,0,1,0.6666666667,1,0.3333333333,0.4107142857,1,0,0,1,0,1,0,1,0,0,1,0,0,0,0
1,0.4705882353,1,0.1703296703,1,1,0.6666666667,0.3333333333,0.6666666667,0.5714285714,1,0,0,1,0,0,0,1,0,0,1,0,0,1,0
1,0.0882352941,0.5,0.0384615385,1,0.75,0.3333333333,0.6666666667,0.3333333333,0.375,1,0,0,1,0,0,0,1,0,0,1,0,0,1,0
0,0.4705882353,1,0.2857142857,0,0.5,0.6666666667,0.3333333333,0.3333333333,0.1607142857,1,0.3333333333,0,0,0,0,0,0,0,0,1,0,0,1,0
0.6666666667,0.3823529412,1,0.1923076923,1,1,0.6666666667,1,0.3333333333,0.5357142857,0.5,0.3333333333,0,0,0,0,0,1,0,0,1,0,1,0,0
0,0.3823529412,0.5,0.1593406593,0,0.25,0,1,0.3333333333,0.2142857143,1,0,0,0,0,0,0,1,0,0,1,0,1,0,1
0,0.3823529412,0.5,0.1208791209,0,0.75,0.3333333333,1,0,0.0714285714,1,0,0,0,0,0,0,1,0,1,0,0,0,1,1
0.3333333333,0.2941176471,0.5,0.1483516484,0.25,0.25,0.6666666667,0,0.6666666667,0.1785714286,1,0,0,0,0,0,0,1,0,0,1,0,0,1,0
0,0.2058823529,0.5,0.1263736264,0,0.5,0.6666666667,0.3333333333,0.6666666667,0.0535714286,1,0,0,0,0,0,0,1,0,0,1,0,0,1,1
1,0.3823529412,1,0.3076923077,0,0.75,0.3333333333,0.3333333333,0.6666666667,0.1071428571,1,0.3333333333,0,0,0,0,0,1,0,0,1,0,0,1,0
0.3333333333,0.2058823529,1,0.1868131868,0,0,1,0.6666666667,0.6666666667,0.375,1,0.6666666667,1,1,0,0,0,1,0,0,1,1,0,0,0
0.3333333333,0.3823529412,1,0.4505494505,0,0.75,0.6666666667,0.3333333333,0.3333333333,0.5357142857,1,0,0,0,0,0,0,1,0,0,1,0,0,1,1
1,0.0882352941,0.5,0.1428571429,0.25,0.5,0.6666666667,0.3333333333,0,0.2321428571,1,0,1,0,0,0,1,0,1,0,1,0,0,1,0
1,0.2058823529,0.5,0.0989010989,0,0.75,0.6666666667,0,0.6666666667,0.2678571429,0.5,0.3333333333,0,1,0,0,0,1,0,0,1,0,0,1,0
0,0.2058823529,0.5,0.032967033,0,0,0.3333333333,0,0,0.1428571429,1,0,0,0,0,0,0,1,0,0,1,1,0,0,1
0.3333333333,0.0735294118,0.5,0.043956044,0,0.5,0.3333333333,0.3333333333,0.6666666667,0.1785714286,1,0,0,0,1,0,0,1,0,0,1,0,0,1,1
1,0.2058823529,1,0.0879120879,0,0.5,0.6666666667,0.3333333333,0.6666666667,0.0892857143,1,0.3333333333,0,0,0,0,0,1,0,0,1,0,0,1,0
0.6666666667,0.2941176471,0.5,0.0934065934,0,0.5,0.6666666667,0.3333333333,0,0.125,1,0,0,0,0,0,0,1,0,0,1,0,0,1,0
1,0.25,0.75,0.1318681319,0.5,0.25,0.6666666667,0.3333333333,0,0.3928571429,0,0,1,0,0,0,0,1,0,0,1,0,1,0,1
0,0.2941176471,0.5,0.1593406593,0,0.25,0.3333333333,0,0.3333333333,0.1428571429,1,0,0,0,0,1,0,1,0,0,1,0,0,1,1
0,0.1176470588,0.5,0.1318681319,0,0.5,0,0,0.6666666667,0.4107142857,1,0,0,0,0,0,0,1,0,0,1,0,0,1,0
0,0.1617647059,0.5,0.0879120879,0,0.25,0.3333333333,0,0.3333333333,0.4821428571,1,0,0,0,0,0,0,0,0,1,0,0,0,1,0
0.3333333333,0.2941176471,0.5,0.1593406593,0.25,0.25,1,0.3333333333,0.6666666667,0.0535714286,1,0,0,1,0,0,0,1,0,1,0,0,0,1,1
1,0.0882352941,1,0.1043956044,0,0.25,0.3333333333,0.6666666667,0,0.0714285714,1,0.3333333333,0,0,0,0,0,1,0,1,0,0,0,1,0
0,0.2941176471,0.75,0.0604395604,0,0,0.6666666667,0.3333333333,0,0.4285714286,1,0.3333333333,1,0,0,1,0,1,0,0,0,0,0,1,1
1,0.1176470588,1,0.0384615385,1,1,0.6666666667,1,0,0.8214285714,1,1,0,0,0,0,0,1,0,0,1,0,0,1,0
1,0.1617647059,0.5,0.1373626374,0,0.25,0.6666666667,0.6666666667,0.3333333333,0.1428571429,0,0.3333333333,0,0,0,0,0,1,0,0,1,0,1,0,0
0.6666666667,0.2941176471,0.5,0.0384615385,0,0.75,0.6666666667,0.6666666667,1,0.3392857143,0,0,1,0,0,1,0,1,0,0,0,0,0,1,1
0.6666666667,0.0294117647,0.5,0.0274725275,0.75,0.25,1,0.3333333333,0,0.1428571429,1,0,0,0,1,1,0,1,0,0,1,1,0,0,0
0,0.4705882353,1,0.5164835165,0,0.75,0.6666666667,1,0.6666666667,0.0892857143,1,0.3333333333,0,1,0,0,1,1,0,0,1,0,0,1,1
0,0.1176470588,0.5,0.0824175824,0,0.5,0.6666666667,0.3333333333,0,0.1428571429,1,0,0,0,0,0,0,1,0,0,1,0,0,1,0
1,0.2941176471,1,0.0769230769,0,0.75,0.6666666667,0.6666666667,0.3333333333,0.375,1,0.3333333333,0,0,0,0,0,1,0,0,1,0,0,1,0
1,0.2941176471,0.5,0.1593406593,0.5,1,0.6666666667,0.6666666667,1,0.2321428571,1,0,0,1,0,0,0,1,0,1,0,0,0,1,0
1,0.6470588235,1,0.478021978,1,0.75,0.6666666667,0,1,0.2857142857,1,0.3333333333,0,1,0,0,1,1,0,0,0,0,0,1,0
0.3333333333,0.0441176471,0.5,0.1318681319,0,0.5,0.6666666667,0.3333333333,0,0.2857142857,1,0,0,0,0,0,0,0,0,0,1,0,0,1,0
1,0,1,0.0714285714,0,0.75,0.6666666667,0,0,0.4107142857,1,0.3333333333,1,0,0,0,0,1,0,0,1,0,1,0,0
0,0.1176470588,0.5,0.0274725275,0.25,0.75,1,0,0.3333333333,0.0178571429,1,0,0,0,0,0,0,1,0,0,1,0,0,1,1
0,0.1176470588,0.5,0.0274725275,0,1,0.6666666667,1,0,0.6785714286,0.5,0,0,0,0,0,0,1,0,0,1,0,1,0,1
1,0.2941176471,0.5,0.0659340659,0,0.5,0.6666666667,0.3333333333,0,0.2142857143,1,0,0,1,0,1,0,0,0,0,1,0,0,1,0
0.3333333333,0.0735294118,0.5,0.0824175824,0,0.25,0.3333333333,0.3333333333,0.6666666667,0.0535714286,1,0,0,1,0,0,0,1,0,0,1,0,0,1,1
0,0.2941176471,0.5,0.0824175824,0,0.25,0.6666666667,0,0.3333333333,0.0892857143,1,0,0,0,1,0,0,0,1,0,1,0,1,0,0
1,0.2941176471,0.75,0.1263736264,0,1,0.6666666667,1,0.6666666667,0.5,1,0.3333333333,1,0,0,1,0,1,0,0,1,0,1,0,1
1,0.1176470588,0.5,0.0274725275,0,1,0.6666666667,1,0.6666666667,0.3928571429,0,0,1,0,0,0,0,1,0,0,1,0,1,0,1
1,0.1176470588,1,0.043956044,1,0.75,0.3333333333,1,0,0.0714285714,1,0.3333333333,0,0,0,0,0,1,0,0,1,0,0,1,0
1,0.2941176471,0.5,0.3956043956,0,0.5,0.6666666667,1,0.3333333333,0.4285714286,1,0,1,0,0,1,0,1,0,0,1,0,1,0,0
1,0.0882352941,0.5,0.0604395604,1,1,0.6666666667,0.3333333333,0.3333333333,0.4642857143,1,0,0,0,1,1,0,0,1,0,1,0,1,0,0
1,0.0294117647,1,0.0549450549,1,0.5,1,0.3333333333,0.3333333333,0.1428571429,1,0.3333333333,0,0,0,0,0,1,0,0,1,0,0,1,0
1,0.2941176471,0.5,0.0604395604,0,0.75,0.6666666667,0,0,0.1071428571,1,0,0,1,0,0,0,1,0,0,1,0,0,1,0
1,0.2058823529,0.5,0.1263736264,0,0.5,0.6666666667,1,0,0.4285714286,1,0,0,1,0,0,0,1,0,0,1,0,0,1,0
1,0.1617647059,1,0.0714285714,1,1,0.6666666667,1,0.3333333333,0.7857142857,1,0,0,0,0,0,0,1,0,0,1,0,0,1,0
0,0.1176470588,0,0.0494505495,0,0.75,0.6666666667,0.6666666667,0,0.1607142857,1,0.3333333333,0,0,0,0,0,1,0,0,1,0,0,1,1
1,0.1176470588,1,0.0384615385,0,0,0.3333333333,0.3333333333,0.3333333333,0.3392857143,1,0,0,0,0,1,0,1,0,0,1,1,0,0,0
0.3333333333,0.1176470588,0.5,0.0714285714,0,0.25,1,0,0,0.0714285714,1,0,0,0,0,0,0,1,0,1,0,0,0,1,1
0,0.3823529412,0.5,0.1868131868,0.75,1,0.3333333333,1,0.3333333333,0.6785714286,1,0.3333333333,0,1,0,0,0,1,0,1,0,0,0,1,0
1,0.1176470588,1,0.1153846154,1,1,0.6666666667,1,0,0.5357142857,1,0,0,1,0,0,0,0,1,0,1,0,0,1,0
0.3333333333,0.25,0.5,0.2087912088,1,0.75,0.6666666667,0.6666666667,0.6666666667,0.2857142857,1,0,0,1,0,0,0,1,0,0,1,0,0,1,0
1,0.2058823529,0.75,0.1153846154,0,0,1,0.6666666667,0,0.2678571429,1,0.3333333333,0,0,0,0,0,1,0,0,1,0,0,1,0
0,0.1176470588,1,0.0714285714,0,1,0.6666666667,1,1,0.8392857143,1,0.3333333333,0,0,0,0,1,1,0,0,0,0,0,0,0
1,0.1176470588,1,0.0164835165,0.5,1,0.6666666667,1,0.3333333333,0.4107142857,1,0.3333333333,1,1,0,0,0,1,0,0,1,0,0,1,0
0,0.1176470588,0.5,0.0274725275,0,0.5,0.6666666667,1,0.6666666667,0.375,1,0,1,0,0,0,0,1,0,1,0,0,1,0,1
0.3333333333,0.2058823529,0,0.1153846154,0.25,0.25,0.3333333333,0.6666666667,0.6666666667,0.1607142857,1,0.3333333333,0,0,0,1,0,1,0,0,1,0,0,1,1
0,0.6470588235,0.5,0.2032967033,0,0.75,0.6666666667,1,1,0.4821428571,1,0,1,0,0,1,0,1,0,0,0,0,0,1,1
0.6666666667,0.1176470588,0.5,0.0604395604,0,0.25,0.6666666667,0,0,0.125,1,0,0,0,0,1,0,1,0,0,1,0,0,1,0
1,0.2941176471,0.75,0.4615384615,0,0.25,0.6666666667,0.3333333333,0.6666666667,0.1428571429,0,0.3333333333,0,1,0,0,0,1,0,0,1,0,0,1,1
0.6666666667,0.2941176471,1,0.0604395604,0.75,0.5,0,1,0,0.3035714286,1,0.3333333333,0,1,0,0,0,1,0,0,1,0,0,1,0
0.3333333333,0.1176470588,0.5,0.0494505495,0,0.5,0.3333333333,1,0,0.5357142857,1,0.3333333333,0,1,0,0,0,0,0,0,1,0,0,1,0
1,0.1176470588,1,0.032967033,1,1,0.3333333333,0.6666666667,0.3333333333,0.25,0,0,1,0,0,0,0,1,0,0,1,0,1,0,1
0.3333333333,0.1176470588,0.5,0.032967033,0.25,0.25,0.3333333333,0.3333333333,0.3333333333,0.0714285714,0,0,0,0,0,1,0,1,0,0,1,0,1,0,1
1,0.1176470588,1,0.0274725275,0.25,0.75,0.3333333333,0.6666666667,0.6666666667,0.5714285714,1,0.3333333333,0,1,0,1,0,1,0,0,1,0,0,1,0
1,0.1617647059,1,0.1758241758,0.75,1,0.6666666667,1,1,0.0714285714,1,0.3333333333,0,1,0,0,1,1,0,1,0,0,0,1,0
1,0.25,0,0.2637362637,1,0.5,0.3333333333,1,0.3333333333,0.1785714286,0,0.3333333333,0,1,0,1,0,1,0,0,1,0,0,1,1
0,0.2058823529,1,0.2087912088,0,1,0.3333333333,1,0,0.25,0,0.6666666667,0,1,0,1,0,1,0,1,0,0,0,1,1
0.3333333333,0.2058823529,0.75,0.1483516484,1,1,0.6666666667,1,0.6666666667,0.4285714286,1,0,1,0,0,1,0,1,0,0,1,0,0,1,0
0.3333333333,0.1176470588,1,0.0934065934,0,0,0.6666666667,0.3333333333,0.6666666667,0.2678571429,1,0.3333333333,0,1,0,0,1,1,0,0,1,0,0,0,0
1,0.6470588235,1,0.6263736264,0.25,0.5,0.3333333333,1,0.6666666667,0.0892857143,0,0.3333333333,0,0,0,0,1,1,0,1,0,0,1,0,1
0,0.1176470588,0.5,0.0274725275,0,1,0.3333333333,1,0.3333333333,0.0892857143,1,0,0,0,0,0,0,1,0,1,0,0,0,1,0
1,0.1617647059,1,0.2637362637,1,1,0.3333333333,1,0.6666666667,0.7142857143,1,0,0,1,0,1,0,1,0,0,1,0,0,1,0
0,0.4705882353,0.5,0.0879120879,0,0.25,0.3333333333,1,0.6666666667,0.2678571429,1,0,0,1,0,1,0,1,0,0,1,0,0,1,1
0.3333333333,0.0294117647,0.5,0.010989011,1,1,0.6666666667,1,0.3333333333,0.3392857143,1,0,0,0,0,0,0,1,0,0,1,0,0,1,0
0,0.3382352941,0,0.2802197802,0,0,0.6666666667,1,0.3333333333,0.5535714286,0.5,0.3333333333,0,1,0,0,0,1,0,0,1,0,0,1,1
0.3333333333,0.2058823529,0.5,0.0384615385,0,0.5,1,0.3333333333,0,0.1071428571,1,0,0,0,0,0,0,0,0,0,1,0,1,0,0
0,0.1470588235,0.5,0.2087912088,0,0,0.6666666667,1,1,0.0535714286,1,0,0,0,0,1,0,1,0,0,0,0,0,1,0
0.3333333333,0.2941176471,0.5,0.0549450549,0,0.25,0.6666666667,0.3333333333,0,0.0714285714,0.5,0,0,0,0,1,0,1,0,0,1,0,1,0,1
0.3333333333,0.2941176471,0.75,0.2472527473,1,0.5,0.6666666667,0.3333333333,0.3333333333,0.3214285714,0,0.3333333333,0,1,0,0,0,1,0,0,1,0,0,0,0
0.3333333333,0.2941176471,0.25,0.0879120879,0,0.75,0.3333333333,1,1,0.2678571429,0,0,0,0,0,0,0,1,0,0,0,0,1,0,1
0.6666666667,0.0294117647,1,0.0604395604,0,1,0.6666666667,1,0,0.4821428571,1,0.3333333333,1,0,1,1,0,1,0,0,1,0,0,1,0
0.3333333333,0.4705882353,0.75,0.3956043956,0,0.5,0.3333333333,0.3333333333,0.3333333333,0.625,1,0,0,0,0,1,0,1,0,1,0,0,0,1,0
1,0.0882352941,0.5,0.0274725275,0.5,1,0.6666666667,1,1,0.4821428571,1,0,0,1,0,0,0,1,0,0,0,0,0,1,0
0,0.25,0.5,0.1758241758,0.75,0.25,0.3333333333,0.3333333333,0.6666666667,0.1785714286,0,0,0,0,0,0,0,1,0,0,1,0,0,1,0
0,0.3382352941,0.5,0.1758241758,0,0.5,0.6666666667,0.3333333333,0.6666666667,0.1428571429,1,0,0,0,0,0,0,1,0,0,1,0,0,0,0
1,0.2941176471,0.5,0.0604395604,0,1,0.6666666667,0,0,0.3035714286,1,0,0,1,0,0,0,1,0,0,1,0,0,0,0
0.3333333333,0.6029411765,0.5,0.1538461538,0.25,0.5,0.6666666667,1,0.3333333333,0.0357142857,1,0,0,0,0,0,0,0,0,1,0,0,0,1,1
1,0.4705882353,0.75,0.5879120879,0,1,0.6666666667,0.3333333333,0.6666666667,0.4642857143,1,0.3333333333,1,1,0,1,0,1,0,0,1,0,0,1,0
0,0.4705882353,1,0.4340659341,0,0.5,0.3333333333,0.3333333333,1,0.1071428571,1,0.3333333333,0,1,0,0,0,1,0,0,1,0,0,0,1
0,0.25,0.25,0.0769230769,1,0.5,0.6666666667,0.3333333333,0.3333333333,0.375,1,0.3333333333,1,0,0,1,0,1,0,0,1,0,1,0,1
0.3333333333,0.2941176471,1,0.2032967033,0.25,0.25,0,0.3333333333,0.6666666667,0.3214285714,1,0,0,1,0,1,0,1,0,0,1,0,0,1,0
1,0.2941176471,0.5,0.1373626374,0,0.25,0.3333333333,0,1,0.1785714286,1,0,0,1,0,0,1,1,0,0,1,0,0,0,0
1,0.0294117647,0.5,0.1538461538,0.5,0.5,0.6666666667,0.3333333333,0.6666666667,0.2321428571,1,0,0,1,0,0,0,1,0,0,1,0,0,1,0
1,0.2058823529,0.5,0.0714285714,0,0.25,1,1,0,0.3571428571,1,0,0,1,0,0,0,1,0,0,1,0,0,1,0
0,0.2941176471,0.5,0.0659340659,1,0.5,0.3333333333,0.3333333333,0.3333333333,0.2857142857,1,0,0,0,0,1,0,1,0,0,1,0,0,1,1
1,0.1617647059,0.5,0.1978021978,0.25,0.25,0.3333333333,1,0.6666666667,0.0714285714,1,0,0,1,0,0,1,1,0,0,1,0,0,1,0
0,0.4705882353,0.5,0.2912087912,0,1,0.6666666667,1,1,0.4107142857,1,0,1,0,0,0,1,1,0,0,0,0,0,1,0
1,0.1176470588,1,0.0934065934,0,1,0.6666666667,0.3333333333,1,0.125,1,0.3333333333,0,0,0,0,0,1,0,0,1,0,0,1,0
0,0.2941176471,0.5,0.0879120879,0,1,0.3333333333,1,0,0.6964285714,1,0,0,1,0,0,0,0,0,0,1,0,1,0,0
0,0.1176470588,0.5,0.1318681319,0,0.25,0.6666666667,0,0,0.25,1,0,1,0,0,1,0,1,0,0,1,0,1,0,1
0.3333333333,0.2058823529,0.75,0.1208791209,1,1,0.6666666667,0.3333333333,0.3333333333,0.4107142857,1,0.3333333333,0,0,0,0,0,1,0,0,1,0,0,1,0
0.3333333333,0.6470588235,0.5,0.3516483516,0.25,0.75,0.6666666667,0.3333333333,0.3333333333,0.0892857143,1,0,0,0,0,1,0,1,0,0,1,0,0,1,1
1,0.3823529412,1,0.1593406593,1,1,0.6666666667,0.3333333333,0.6666666667,0.375,1,0.3333333333,1,1,0,0,0,1,0,0,1,0,0,1,0
0.3333333333,0.0735294118,0.5,0.032967033,0.5,0.5,0.3333333333,0.6666666667,0,0.8392857143,1,0,0,0,0,0,0,1,0,0,1,0,1,0,0
0,0.0735294118,0.5,0.0659340659,0,0.25,0.3333333333,1,0.3333333333,0.0535714286,1,0,0,0,0,0,0,1,0,1,0,0,0,1,1
0,0.0294117647,1,0.0384615385,0,1,0.3333333333,1,1,0.3571428571,1,0.3333333333,0,1,0,1,0,1,0,0,1,0,0,1,0
0.3333333333,0.4705882353,0.5,0.6813186813,0.25,0.5,0.6666666667,1,1,0.5,1,0,1,1,0,0,0,1,0,0,0,0,0,1,1
0,0.0882352941,0.5,0.1153846154,0,1,0.6666666667,1,0,0.5892857143,1,0,0,0,0,0,0,1,0,0,1,0,1,0,0
1,0.0294117647,0.5,0.1813186813,0,0.5,0.6666666667,0.6666666667,0.3333333333,0.125,1,0,0,0,0,1,0,0,0,1,0,0,0,1,0
0,0.6470588235,0.5,0.3626373626,0,0.5,0.3333333333,0.3333333333,0.6666666667,0.2142857143,1,0,0,1,0,0,0,1,0,0,1,0,0,1,1
0.3333333333,0.1176470588,0.5,0.043956044,0.75,0.25,0.3333333333,1,0,0,1,0,0,0,0,0,0,1,0,1,0,0,1,0,0
1,0.1176470588,0.5,0.1098901099,0,0.25,0.3333333333,0.3333333333,0.6666666667,0.1785714286,0,0,0,0,0,0,0,1,0,0,1,0,0,1,0
1,0.3382352941,1,0.2362637363,0.75,0.25,0.6666666667,0.3333333333,0,0.2321428571,0.5,0.3333333333,1,1,0,0,0,1,0,0,1,0,1,0,0
0.3333333333,0.1617647059,0.5,0.032967033,0,1,0.6666666667,0.6666666667,0.6666666667,0.3214285714,1,0,1,0,0,0,0,1,0,0,1,0,0,1,1
0.3333333333,0.4705882353,0.5,0.1923076923,1,0.5,1,0.3333333333,0.6666666667,0.1428571429,1,0,0,0,0,0,0,1,0,0,1,0,0,1,0
1,0.0294117647,0.75,0.0384615385,0,0.5,0.3333333333,0.3333333333,0,0.0892857143,1,0,0,0,0,0,0,1,0,0,1,0,0,1,0
1,0.0735294118,1,0.0384615385,0.5,1,0.6666666667,0.3333333333,0.6666666667,0.5892857143,1,0.3333333333,0,1,0,0,0,1,0,0,1,0,0,1,0
0,0.0735294118,0.5,0.0659340659,0,0.25,0.6666666667,0.3333333333,1,0.1428571429,1,0,0,1,0,1,0,1,0,0,0,0,0,0,1
0,0.6470588235,0.25,0.4120879121,0,0.75,0.3333333333,1,0.6666666667,0.3214285714,1,0,0,0,0,0,0,0,0,1,0,0,0,1,1
0.6666666667,0,0.5,0.0714285714,1,0.25,0.6666666667,0.3333333333,0,0.1785714286,1,0,1,0,1,1,0,1,0,0,1,0,1,0,0
0.3333333333,0.25,0.5,0.0549450549,0,1,0.3333333333,1,0.3333333333,0.3571428571,1,0,1,0,0,0,0,1,0,0,1,0,0,1,1
1,0.4705882353,0.5,0.1208791209,1,0.5,0.3333333333,1,0.6666666667,0.1071428571,1,0,0,0,0,0,0,1,0,0,1,0,0,1,0
1,0.1176470588,0.5,0.0494505495,0,0.5,1,0.3333333333,0,0.125,1,0,0,1,1,0,0,1,0,0,1,0,0,1,0
0,0.0735294118,0.5,0.0659340659,0,0.75,0.6666666667,1,0,0.7142857143,1,0,0,0,0,0,0,1,0,0,1,0,0,1,0
1,0.2647058824,0.5,0.0604395604,1,0.75,0.3333333333,1,0.3333333333,0.1071428571,1,0,0,0,0,1,0,1,0,1,0,0,0,1,0
0.3333333333,0.2058823529,0.5,0.2307692308,0,1,0.6666666667,0,0,0.25,0,0,0,1,0,0,0,0,1,0,1,0,0,0,0
1,0.8235294118,1,0.7472527473,1,1,0.6666666667,1,1,0.7857142857,0,0,0,1,0,1,0,1,0,0,0,0,0,0,0
1,0.2941176471,0.5,0.2912087912,0.25,0.5,0.6666666667,0,0.6666666667,0.1071428571,0.5,0,0,0,0,0,0,1,0,0,1,0,0,1,0
0.3333333333,0.4705882353,0.5,0.2527472527,0,0.25,0.3333333333,0,1,0.1964285714,1,0,0,1,0,0,0,1,0,0,1,0,0,0,0
0.3333333333,0.1176470588,1,0.0879120879,0.25,0.25,0.6666666667,1,0.3333333333,0.4464285714,1,0,0,0,0,0,1,1,0,0,1,0,0,1,0
0.6666666667,0.2058823529,0.25,0.0659340659,1,0.75,0.6666666667,1,0.6666666667,0.5357142857,0,0,0,0,0,0,0,1,0,0,1,0,1,0,0
0.6666666667,0.2941176471,0.5,0.0604395604,0.5,0.5,0.3333333333,0.6666666667,0.6666666667,0.6785714286,1,0,0,0,0,0,0,1,0,0,1,0,1,0,0
0.3333333333,0.1617647059,0.5,0.1318681319,0.25,0.5,0.3333333333,0.3333333333,0,0.1071428571,1,0,0,0,0,0,0,1,0,0,1,0,1,0,0
0.6666666667,0.1176470588,0.25,0.010989011,0.75,0.5,0.3333333333,0.6666666667,0,0.4107142857,1,0.3333333333,0,0,0,0,0,1,0,1,0,0,0,1,0
0.3333333333,0.2058823529,0.5,0.0604395604,0,1,1,0.3333333333,0,0.2321428571,1,0,0,0,0,0,0,0,0,0,1,0,1,0,0
0.3333333333,0.2352941176,0.5,0.3461538462,1,0,0,1,0,0.7321428571,1,0,0,1,0,0,1,1,0,0,1,0,0,0,0
0.3333333333,0.6470588235,0.5,0.3186813187,0,0.5,0.3333333333,0.3333333333,0,0.0535714286,1,0,0,0,0,0,0,1,0,0,1,0,0,1,1
1,0.3823529412,1,0.2362637363,0,0.75,0.3333333333,1,0.6666666667,0.125,1,0,0,1,0,0,0,1,0,1,0,0,0,0,0
0.3333333333,0.1176470588,0.5,0.0549450549,0.5,0.5,0,0,0.6666666667,0.125,1,0,0,1,0,0,0,1,0,0,1,0,0,1,0
1,0.25,0.5,0.0769230769,0.75,1,0.3333333333,1,0,0.3035714286,0,0,0,0,0,0,0,1,0,0,1,0,1,0,0
0.6666666667,0.1617647059,0.5,0.0934065934,0,1,0.6666666667,1,0.6666666667,0.375,1,0,0,1,0,0,0,1,0,1,0,0,0,0,0
1,0.1617647059,1,0.1428571429,0,0.75,0.3333333333,0.6666666667,0.6666666667,0.0892857143,0,0.3333333333,0,0,0,0,0,0,1,0,1,0,0,1,0
1,0.1176470588,1,0.1373626374,0,1,0.3333333333,1,1,0.6785714286,0,0.6666666667,0,0,0,0,0,1,0,0,0,0,1,0,0
0,0.6470588235,0,0.3791208791,0,0.5,0.6666666667,1,1,0.6071428571,1,0.3333333333,1,0,0,0,0,1,0,0,0,0,0,1,1
0.3333333333,0.2058823529,1,0.0934065934,1,0.5,1,1,0,0.1607142857,0,0.3333333333,0,0,0,0,0,1,0,0,1,0,0,1,0
1,0.0882352941,0.5,0.1098901099,0,0.5,0.6666666667,0.3333333333,0,0.1071428571,0,0,0,0,0,0,0,1,0,1,0,0,1,0,1
0,0.1176470588,0.5,0.0274725275,0,0.5,1,0.3333333333,0,0.375,1,0,0,0,0,0,0,1,0,0,1,0,1,0,0
0.3333333333,0.3382352941,0.75,0.3186813187,0,1,0.6666666667,0.3333333333,0.6666666667,0.1964285714,1,0.3333333333,0,1,0,0,1,1,0,0,1,0,0,0,0
0,0.2058823529,0.5,0.4010989011,1,1,0.6666666667,1,0.3333333333,0.5714285714,1,0,1,1,0,0,1,1,0,0,0,0,0,1,1
0.3333333333,0.0735294118,0.5,0.0714285714,1,0.25,0.6666666667,0.3333333333,0,0.2857142857,1,0,0,0,0,1,0,1,0,0,1,1,0,0,0
0,0.4705882353,0.5,0.1373626374,0,1,0.6666666667,0.3333333333,0.3333333333,0.3928571429,0,0,1,0,0,0,0,1,0,0,1,0,0,1,1
0,0.2058823529,0,0.1593406593,0,0.25,0.3333333333,1,0.3333333333,0.125,1,0,0,0,0,0,0,1,0,1,0,0,0,1,1
0,0.0294117647,1,0.0054945055,0.5,1,0.6666666667,1,0.6666666667,0.5892857143,1,0.3333333333,0,0,0,0,0,1,0,0,1,0,0,1,0
0.3333333333,0.3823529412,0.5,0.0824175824,1,0.5,0.3333333333,0,0.6666666667,0.125,1,0,0,0,0,0,0,1,0,0,1,0,0,1,0
0.6666666667,0.0882352941,0.5,0.0549450549,0,0.5,0.6666666667,0.3333333333,0.6666666667,0.3214285714,1,0,0,1,0,0,0,1,0,0,1,0,0,1,0
0.3333333333,0.1176470588,0.5,0.032967033,0.5,0.5,0.6666666667,0.6666666667,0,0.8392857143,1,0,0,0,0,0,0,1,0,0,1,0,1,0,1
0,0.2941176471,0.5,0.1428571429,1,1,0.3333333333,1,0,0.125,1,0,0,0,0,0,1,1,0,1,0,0,0,1,0
1,0.1176470588,0.5,0.0659340659,0.5,0.5,0.3333333333,0.3333333333,0.3333333333,0.125,1,0,0,0,0,1,0,1,0,0,1,0,0,1,1
0.6666666667,0.5588235294,0,0.3351648352,0,0.25,0,0,0.3333333333,0.25,1,0.3333333333,0,0,0,0,0,1,0,0,1,0,0,1,0
0,0.5588235294,0.5,0.3846153846,1,0.75,0.3333333333,0.6666666667,0.6666666667,0.1964285714,1,0,0,1,0,0,0,1,0,0,1,0,0,0,1
0,0.1617647059,0.75,0.1868131868,0,1,0.3333333333,1,0.3333333333,0.1428571429,1,0.3333333333,0,0,0,0,0,1,0,0,1,0,1,0,0
0.3333333333,0.4705882353,0.5,0.7747252747,0,1,0.6666666667,0.3333333333,1,0.6785714286,1,0,0,1,0,1,0,1,0,0,0,0,0,0,1
0.3333333333,0.0882352941,0.5,0.0714285714,0,0.5,0,0.3333333333,0.6666666667,0.2142857143,1,0,0,0,0,0,0,1,0,0,1,0,1,0,0
0,0.1176470588,0.5,0.1318681319,0,0,0.3333333333,1,1,0.6428571429,1,0,0,0,0,0,0,1,0,0,0,0,0,0,0
0.3333333333,0.2058823529,1,0.3406593407,0,1,0.6666666667,0,1,0.3928571429,1,0,0,1,0,0,0,1,0,0,1,0,0,1,0
0.6666666667,0.4705882353,0.5,0.2362637363,0,1,0.6666666667,0.3333333333,0.6666666667,0.2142857143,1,0,0,0,0,0,0,1,0,0,1,0,0,1,0
1,0.1176470588,0.5,0.1208791209,1,0.25,1,1,0.6666666667,0.125,1,0,0,1,0,0,1,1,0,1,0,0,0,1,0
1,0.1176470588,0.5,0.0879120879,0,0.5,0.6666666667,0.3333333333,0,0.0892857143,1,0,0,0,0,0,0,1,0,1,0,0,1,0,0
0.3333333333,0.4705882353,0,0.1978021978,0,0.5,0.3333333333,0,0.6666666667,0.4107142857,1,0,0,1,0,0,0,1,0,0,1,0,0,1,1
0,0.1176470588,0,0.3296703297,0,0.5,0.6666666667,0.3333333333,0.3333333333,0.1607142857,1,0.3333333333,0,1,0,0,0,1,0,1,0,0,0,1,1
0.3333333333,0.2058823529,0.5,0.0549450549,1,0.5,0.6666666667,1,1,0.75,1,0,0,0,0,0,0,1,0,0,0,0,0,1,0
0.3333333333,0.6470588235,0.5,0.1593406593,0,0.75,0.6666666667,1,0,0.1607142857,1,0.3333333333,0,0,0,0,0,1,0,0,1,0,0,1,1
0,0.6470588235,0.5,0.4175824176,0,1,0.6666666667,1,1,0.4107142857,0,0,0,0,0,1,0,1,0,0,0,0,0,0,1
1,0.0735294118,0.5,0.1428571429,0.25,1,0.6666666667,1,0.6666666667,0.2857142857,1,0,0,1,0,0,0,0,1,0,1,0,0,1,0
1,0.1176470588,1,0.1703296703,0,1,0.6666666667,1,0.3333333333,0.4107142857,0.5,0,0,0,0,0,0,1,0,0,1,0,0,1,0
0.3333333333,0.1176470588,0.5,0.1428571429,1,1,0.3333333333,0.3333333333,0.3333333333,0.1071428571,0,0,0,1,0,0,0,1,0,0,1,0,0,1,1
0.3333333333,0.3382352941,0.5,0.1263736264,0,0.25,0.3333333333,0,0.3333333333,0.2321428571,1,0,1,1,0,0,0,1,0,0,1,0,0,1,0
1,0.1617647059,0.5,0.1098901099,0.5,0.5,0.3333333333,1,0.6666666667,0.0178571429,1,0,0,0,0,0,0,1,0,1,0,0,0,1,0
1,0.2941176471,1,0.1318681319,0,1,1,0.6666666667,0,0.4821428571,1,0.3333333333,0,0,0,0,0,0,1,0,1,0,0,1,0
0.3333333333,0.2941176471,0.5,0.0989010989,0,0.25,1,0,0.3333333333,0.0535714286,1,0,0,1,0,0,0,1,0,0,1,0,0,1,1
1,0.4705882353,1,0.4230769231,0,0.5,0.3333333333,0.3333333333,0,0.1071428571,0.5,0.3333333333,0,1,0,1,0,1,0,0,1,0,0,1,1
1,0.4705882353,0.5,0.2472527473,0,0.5,0.6666666667,0.3333333333,1,0.2321428571,1,0,0,1,0,0,1,1,0,0,0,0,0,0,0
0.3333333333,0.4705882353,0.25,0.2087912088,1,0.25,0.3333333333,0.3333333333,1,0.1785714286,0,0,0,0,0,0,0,1,0,0,1,1,0,0,0
1,0.6470588235,1,0.1868131868,1,1,0.6666666667,0,0,0.5,1,0,0,1,0,0,0,1,0,0,1,0,0,1,0
1,0.25,1,0.1703296703,0,1,0.6666666667,1,0.6666666667,0.3035714286,1,0,0,1,0,0,1,1,0,0,1,0,0,0,0
1,0.3823529412,1,0.3186813187,0,0.75,0.6666666667,0.3333333333,0.6666666667,0.3392857143,1,0,0,0,0,0,0,0,1,0,1,0,0,1,0
0.3333333333,0.2941176471,0.5,0.1813186813,0.25,0.75,0.6666666667,0.6666666667,0.6666666667,0.3392857143,0,0.3333333333,0,1,0,1,0,1,0,0,1,0,0,1,0
0,0.0294117647,0.5,0.8076923077,0,1,0.6666666667,1,1,0.875,0,0,0,1,0,1,0,1,0,0,1,0,0,0,1
0.6666666667,0.2058823529,0.5,0.0989010989,0,1,0.3333333333,0.3333333333,0.6666666667,0.0714285714,1,0,0,0,0,1,0,1,0,0,1,0,0,0,0
0.3333333333,0.6029411765,1,0.2417582418,0.25,0,0.6666666667,1,0.6666666667,0.1428571429,1,0,0,0,0,0,1,1,0,0,1,0,0,1,0
1,0.1176470588,0.5,0.1043956044,0.25,0.75,0.6666666667,0,1,0.2857142857,1,0,0,0,0,0,0,1,0,0,1,0,0,1,0
0.3333333333,0.2941176471,0.5,0.6813186813,0,1,0.3333333333,0.3333333333,1,0.4464285714,1,0,0,1,0,0,1,1,0,0,0,0,0,0,1
1,0.2941176471,0.75,0.0989010989,0,1,0.6666666667,1,1,0.7321428571,1,0.3333333333,0,1,0,1,0,1,0,0,0,0,0,1,0
1,0.1176470588,1,0.0604395604,0,0.5,0.3333333333,0.3333333333,0.3333333333,0.2857142857,1,0.3333333333,0,0,0,0,0,1,0,0,1,0,0,1,0
1,0.2941176471,0.5,0.1758241758,0.5,1,0.6666666667,0.3333333333,0.6666666667,0.2142857143,1,0,1,1,0,0,0,1,0,0,1,0,0,1,0
0.3333333333,0.4705882353,0.75,0.532967033,0.25,0.75,0.6666666667,0.6666666667,0.3333333333,0.2142857143,1,0.3333333333,1,1,0,0,0,1,0,0,1,0,1,0,0
0.3333333333,0.25,0.5,0.1428571429,0.25,1,0,0.3333333333,0.6666666667,0.75,0,0.3333333333,0,0,0,0,0,1,0,1,0,0,1,0,1
0.6666666667,0.2941176471,0.5,0.0659340659,0.25,1,0.3333333333,0.3333333333,1,0.5,1,0,0,1,0,0,0,1,0,0,0,0,0,1,0
0.3333333333,0.0294117647,0.25,0.0384615385,0.25,0.25,0.3333333333,0,0.3333333333,0.2321428571,0.5,0,0,0,0,1,0,1,0,0,1,0,1,0,1
1,0.1176470588,0.5,0.1593406593,0.75,0.75,0,1,0,0.75,1,0,0,0,0,0,0,1,0,0,1,0,1,0,0
1,0.0294117647,1,0.1043956044,0.5,0.5,1,0.3333333333,0.6666666667,0.0892857143,1,0,0,0,0,1,0,1,0,0,1,0,0,1,0
0,0.2941176471,0.5,0.1483516484,0,0.75,0.6666666667,0,1,0.2678571429,1,0,0,1,0,0,1,1,0,0,0,0,0,0,0
0,0.6470588235,0.5,0.4010989011,0,0.75,0.6666666667,0,1,0.5535714286,1,0,0,1,0,0,0,1,0,0,0,0,0,0,0
0,0.2941176471,0.5,0.1648351648,0,0.25,0.3333333333,1,0,0.0714285714,1,0,0,1,0,0,0,1,0,1,0,0,1,0,1
0.3333333333,0.2058823529,0.5,0.1538461538,0,0.75,0.3333333333,1,0,0.375,1,0,0,0,0,0,0,1,0,1,0,0,0,1,0
0,0.25,0.5,0.1978021978,1,0.75,0.6666666667,0.3333333333,0,0.0892857143,1,0,0,0,1,1,0,0,1,0,1,0,1,0,0
0.3333333333,0.0294117647,0.5,0.021978022,0,0.25,1,0.6666666667,0,0.125,1,0,0,0,1,0,0,1,0,0,1,0,1,0,0
0,0.1323529412,1,0.0879120879,0,0.25,0.6666666667,0,0.3333333333,0.1607142857,0,0.3333333333,0,0,0,0,0,1,0,0,1,0,1,0,0
1,0.2058823529,1,0.0714285714,0,0.5,0.6666666667,0.3333333333,0.3333333333,0.2321428571,0,0.3333333333,0,0,0,1,0,1,0,0,1,0,0,1,1
1,0.1176470588,0.5,0.1043956044,1,1,0.3333333333,1,1,0.5892857143,1,0,0,1,0,1,0,1,0,0,0,0,0,0,0
0.6666666667,0.1176470588,0.5,0.0714285714,0,0.25,0.3333333333,0,0.3333333333,0.25,0,0,0,1,0,0,0,1,0,0,1,0,0,0,0
0,0.3823529412,0.5,0.6483516484,0,0.25,0,0,1,0.2678571429,1,0,0,1,0,0,0,1,0,0,1,0,1,0,1
0,0.2941176471,1,0.3406593407,0,1,0.3333333333,1,1,0.4464285714,1,0.3333333333,1,1,0,0,1,1,0,0,0,0,0,0,0
0,0.1176470588,0.25,0.021978022,0,0.5,0.3333333333,1,0,0.0892857143,0,0,0,0,0,0,0,1,0,0,1,0,1,0,1
1,0.25,0.5,0.1263736264,1,1,0.6666666667,1,0,0.4821428571,1,0,0,1,0,0,1,1,0,0,1,0,0,0,0
1,0.1617647059,0.5,0.2417582418,0.25,0.5,0.6666666667,0.3333333333,0.3333333333,0.375,1,0,0,1,0,0,0,1,0,0,1,0,0,0,1
0,0.2058823529,0.5,0.0549450549,0,0.5,1,0.6666666667,0,0.5,1,0,0,1,0,0,0,1,0,0,1,0,1,0,1
1,0.1617647059,0.5,0.2472527473,0,0.5,0.6666666667,0.3333333333,0.6666666667,0.1964285714,1,0,0,1,0,0,1,1,0,0,1,0,0,1,0
0.3333333333,0.1176470588,0,0.1538461538,0,0.25,0.3333333333,0.6666666667,0.3333333333,0.1071428571,1,0.3333333333,0,0,0,0,0,1,0,1,0,0,0,1,1
0,0.1176470588,0.5,0.4230769231,0,1,0.6666666667,1,1,0.6071428571,1,0,0,1,0,0,0,1,0,0,0,0,0,0,1
1,0.0294117647,1,0.0769230769,0,0.75,0.3333333333,0.3333333333,0.6666666667,0.0892857143,1,0.3333333333,0,1,0,0,0,1,0,1,0,0,0,1,0
0,0.1617647059,0.5,0.0659340659,0,0.5,0.3333333333,1,0.6666666667,0.1607142857,1,0,0,0,0,1,0,1,0,1,0,0,0,1,0
1,0.1176470588,0.5,0.032967033,0,1,0.6666666667,1,0.6666666667,0.3392857143,1,0,0,0,0,0,0,1,0,0,1,0,0,1,0
0.3333333333,0.2058823529,1,0.0604395604,0,0.25,0.3333333333,0,0.3333333333,0.1428571429,1,0.3333333333,0,0,0,0,0,1,0,0,1,0,0,1,0
0.3333333333,0.0294117647,0.5,0.0494505495,0,1,0.6666666667,1,0.6666666667,0.1607142857,1,0,1,0,0,0,0,1,0,0,1,0,0,1,0
0,0.2058823529,1,0.0549450549,0,0,0.3333333333,1,1,0.6428571429,1,0.6666666667,1,0,0,0,0,1,0,0,0,1,0,0,1
0.6666666667,0.1176470588,0.5,0.1758241758,1,1,0.6666666667,0.6666666667,0.6666666667,0.3214285714,1,0,0,0,0,0,0,1,0,0,1,0,0,0,0
1,0.2941176471,1,0.2142857143,0.25,0.5,0.6666666667,0.6666666667,0.3333333333,0.1428571429,1,0.3333333333,0,1,0,0,0,1,0,0,1,0,1,0,0
1,0.0294117647,1,0,0.75,0.5,0.3333333333,0.3333333333,0,0.3928571429,0,0.3333333333,0,0,0,1,0,1,0,0,1,0,1,0,0
1,0.0735294118,1,0.0549450549,1,1,0.3333333333,1,0.3333333333,0.3928571429,1,0.3333333333,0,0,0,0,0,1,0,1,0,0,1,0,0
0.3333333333,0.6470588235,0.5,0.5934065934,0.75,0.75,0.6666666667,0.3333333333,1,0.1428571429,0,0.3333333333,0,1,0,0,0,0,1,0,1,0,0,1,1
0.3333333333,0.6470588235,0.75,0.3296703297,0,1,0.6666666667,1,1,0.5535714286,1,0,0,0,0,0,0,1,0,0,0,0,0,1,1
1,0.1176470588,0.5,0.1153846154,1,0.5,0.6666666667,1,1,0.3214285714,1,0,0,1,0,0,0,1,0,0,0,0,0,1,0
0.3333333333,0.2058823529,0.5,0.3131868132,0.25,0.5,0.6666666667,0.3333333333,0.6666666667,0.1964285714,1,0.3333333333,0,1,0,1,0,1,0,0,1,0,0,1,0
1,0.4705882353,0.5,0.1593406593,1,0.5,0.6666666667,1,0,0.3035714286,1,0,0,0,0,1,0,1,0,0,1,0,0,1,0
1,0.0735294118,1,0.1208791209,0,0,0.6666666667,0.6666666667,0.6666666667,0.2142857143,1,0,0,0,0,0,0,1,0,0,1,0,0,0,0
1,0.0294117647,0.25,0.0879120879,0.5,1,0.6666666667,1,0.3333333333,0.4642857143,0,0,1,0,0,0,0,1,0,0,1,0,1,0,0
0.3333333333,0.2058823529,0.5,0.2032967033,0,0,0.3333333333,1,0.6666666667,0.8571428571,1,0,0,1,0,0,0,1,0,0,1,0,0,1,0
1,0.1617647059,0.75,0.043956044,0.75,0.75,0.3333333333,0.3333333333,0.3333333333,0.1964285714,1,0.3333333333,0,0,0,0,0,1,0,0,1,0,0,1,0
0.3333333333,0.0735294118,0.5,0.0549450549,0,0.75,0.3333333333,1,0.3333333333,0.8571428571,1,0.3333333333,0,1,0,0,0,1,0,0,1,0,0,0,0
0.3333333333,0.1176470588,0.75,0.021978022,0,0.5,1,1,0,0.0178571429,1,0.3333333333,0,0,0,0,0,0,1,1,0,0,0,1,0
0,0.2941176471,0.5,0.2087912088,0,0.5,0.6666666667,0.3333333333,0.6666666667,0.1428571429,0.5,0,0,0,0,0,0,1,0,0,1,0,0,1,0
0.3333333333,0.2352941176,0,0.3241758242,0.25,1,1,1,0.6666666667,0.2142857143,0,0.3333333333,0,1,0,0,1,1,0,0,1,0,0,1,0
0,0.1176470588,0.5,0.0274725275,0,0.5,0.6666666667,0.6666666667,0.3333333333,0.3392857143,1,0,1,0,0,0,0,0,0,0,1,0,1,0,0
1,0.4264705882,0.75,0.1428571429,0,0.5,0.3333333333,0.3333333333,0.6666666667,0.125,1,0.3333333333,0,1,0,0,0,1,0,0,1,0,0,1,0
0.3333333333,0.0294117647,0.5,0.7912087912,1,0,0.6666666667,0.3333333333,0.3333333333,0.0714285714,1,0,0,1,0,1,0,1,0,0,1,1,0,0,1
1,0.1176470588,0,0.1428571429,0,1,0.6666666667,1,0.3333333333,0.2678571429,1,0.3333333333,0,0,0,0,0,1,0,0,1,0,0,1,0
0.3333333333,0.1176470588,0.5,0.4010989011,1,0,0.3333333333,0.3333333333,0,0.0892857143,1,0,0,0,0,1,0,1,0,1,0,1,0,0,0
1,0.2941176471,0.5,0.1813186813,0.25,0.75,0.3333333333,1,0.6666666667,0.0714285714,1,0,0,0,0,0,1,1,0,0,1,0,0,1,0
0.3333333333,0.0735294118,0.5,0.1648351648,1,0.5,0.3333333333,0.3333333333,0,0.25,1,0,0,0,0,1,0,1,0,0,1,0,1,0,0
1,0.1176470588,0.5,0.0384615385,1,0.5,0.3333333333,0.3333333333,0.6666666667,0.0357142857,1,0,0,0,0,0,0,1,0,0,1,0,0,1,0
1,0.2941176471,0.5,0.1648351648,0,0.25,0.3333333333,1,0.3333333333,0.125,1,0,0,1,0,0,0,1,0,0,1,0,0,1,0
0,0.6029411765,0,0.6373626374,0,1,0.6666666667,1,0.6666666667,0.1785714286,1,0.3333333333,0,0,0,0,0,1,0,1,0,0,0,1,1
0,0.4705882353,0.5,0.1758241758,0,1,0.6666666667,0.3333333333,0.6666666667,0.4107142857,1,0,1,0,0,0,0,1,0,0,1,0,0,1,1
1,0.25,0.75,0.1538461538,0,0.5,0.6666666667,0.3333333333,0,0.1607142857,0.5,0.3333333333,0,0,0,0,1,1,0,0,1,0,1,0,0
0.3333333333,0.25,1,0.1923076923,0,0.75,0.6666666667,0.6666666667,0.3333333333,0.1428571429,1,0.3333333333,0,0,0,0,0,1,0,0,1,0,0,1,0
0,0.1176470588,0.5,0.0549450549,1,0.5,0.3333333333,1,0.3333333333,0.0714285714,0,0,0,1,0,0,0,1,0,1,0,0,0,1,0
0.3333333333,0.8235294118,0.75,0.3956043956,1,0.5,0.6666666667,0,0,0.1428571429,1,0,0,0,0,0,0,1,0,0,1,0,1,0,0
0.3333333333,0.6470588235,0.75,0.3571428571,1,0.5,0.6666666667,1,1,0.3392857143,1,0,1,1,0,0,0,1,0,0,0,0,0,1,0
0.3333333333,0.6470588235,0.5,0.2857142857,1,0,0.6666666667,1,1,0.375,0,0,0,1,0,0,0,1,0,0,0,1,0,0,0
0.3333333333,0.0882352941,0.25,0.043956044,0,0.5,0.6666666667,1,0,0.0714285714,0.5,0,0,0,0,0,0,1,0,0,1,0,1,0,0
0.3333333333,0.0735294118,1,0.0934065934,0,0.75,0.6666666667,0.6666666667,0.6666666667,0.2857142857,1,0,0,1,0,0,0,1,0,1,0,0,0,1,0
0,0.0294117647,0.25,0.0549450549,0,1,0.3333333333,1,1,0.2857142857,1,0,0,0,0,0,0,1,0,0,0,0,0,1,1
0.6666666667,0.0882352941,0.5,0.0604395604,0,0.25,0.3333333333,0.3333333333,0.3333333333,0.0714285714,1,0,0,0,0,0,0,1,0,0,1,0,0,1,0
1,0.2058823529,1,0.0879120879,0,0.5,0.3333333333,0.3333333333,1,0.1607142857,1,0.3333333333,0,0,0,0,0,1,0,0,1,0,0,1,0
1,0.1176470588,1,0.0824175824,0,1,0.6666666667,1,0,0.7857142857,1,0.3333333333,0,1,0,0,0,1,0,0,1,0,1,0,0
0,0.2941176471,0.5,0.1593406593,0,0.25,0.6666666667,0,1,0.0535714286,0,0,0,0,0,0,0,1,0,0,0,0,0,1,0
0,0.1176470588,0.25,0.1043956044,0,0.5,0,0,1,0.1785714286,1,0,0,0,0,0,0,1,0,0,0,0,0,1,1
1,0.25,0.5,0.1098901099,0,1,0.6666666667,0.3333333333,0,0.5535714286,1,0.3333333333,0,0,0,0,0,1,0,0,1,0,0,1,0
1,0.2941176471,0.5,0.1593406593,1,0.25,0.6666666667,0.3333333333,0.6666666667,0.1071428571,1,0.3333333333,0,0,0,0,0,1,0,0,1,0,0,1,0
0.3333333333,0.2058823529,0.75,0.2252747253,0,1,0,0.6666666667,1,0.375,1,0,0,1,0,0,0,1,0,0,1,0,0,0,1
0,0.1176470588,1,0.1043956044,0,0.5,0.6666666667,0.3333333333,0,0.3571428571,1,0.3333333333,1,0,1,1,0,1,0,1,0,0,1,0,0
1,0.1176470588,0.5,0.0274725275,0,0.5,0.6666666667,0.3333333333,0,0.1964285714,0,0.3333333333,0,0,0,0,0,1,0,0,1,0,0,1,0
1,0.2941176471,0.5,0.1373626374,0,1,0.6666666667,1,0.6666666667,0.2857142857,1,0,0,1,0,0,1,1,0,0,1,0,0,0,0
0,0.4705882353,0.75,0.3681318681,0,0.5,0.6666666667,0.6666666667,0.3333333333,0.1785714286,0.5,0,0,1,0,0,0,1,0,0,1,0,0,1,1
1,0.4264705882,1,0.3901098901,0,0.75,0.6666666667,0.3333333333,0.6666666667,0.2857142857,1,0.3333333333,0,1,0,0,1,1,0,0,1,0,0,0,0
0,0.6029411765,0.5,0.0879120879,0,0.5,0.6666666667,1,1,0.0714285714,1,0,0,1,0,0,0,1,0,0,0,0,0,1,1
0.3333333333,0.2941176471,0.5,0.6263736264,0,0.5,0.3333333333,1,0.6666666667,0.0714285714,1,0.3333333333,0,0,0,0,1,1,0,1,0,0,0,0,1
1,0.4705882353,1,0.3076923077,0,1,0.6666666667,0.3333333333,0.3333333333,0.2857142857,1,0.3333333333,1,1,0,0,1,1,0,0,1,0,0,1,0
0,0.2941176471,0.25,0.1868131868,0,0.75,0.6666666667,1,0.6666666667,0.1428571429,0,0,0,0,0,0,0,1,0,0,1,0,0,1,1
0.6666666667,0.1617647059,0.5,0.1153846154,0,0.25,0.3333333333,0.6666666667,0,0.1071428571,1,0,0,0,0,0,0,1,0,0,1,0,1,0,1
0.3333333333,0.2941176471,0.75,0.0989010989,1,0.5,0.3333333333,1,0.6666666667,0.4107142857,1,0.3333333333,0,1,0,1,0,1,0,1,0,0,0,1,0
0,0.2941176471,0.5,0.3516483516,0,0,0.6666666667,0.3333333333,1,0.1785714286,1,0,0,1,0,0,1,1,0,0,0,0,0,0,0
1,0.5147058824,0.5,0.4615384615,0.25,1,0.6666666667,0.3333333333,0.6666666667,0.4642857143,1,0,0,1,0,0,1,1,0,0,1,0,0,0,0
1,0.2058823529,1,0.0494505495,0,0,0.3333333333,1,0.6666666667,0.8214285714,1,0.3333333333,0,0,0,0,0,1,0,0,1,1,0,0,0
0.3333333333,0.2058823529,1,0.0494505495,0,1,0.6666666667,0.6666666667,0,0.1964285714,0,0.3333333333,0,0,0,1,0,0,0,0,1,0,0,1,1
1,0.2941176471,1,0.1208791209,1,1,0.6666666667,1,0.3333333333,0.6071428571,1,0.3333333333,0,0,0,0,0,1,0,0,1,0,0,1,0
1,0.1176470588,0.5,0.0989010989,0,0.75,0.6666666667,0.3333333333,0.6666666667,0.2142857143,1,0.3333333333,1,1,0,0,0,1,0,1,0,0,0,0,0
1,0.2941176471,0.75,0.0274725275,1,1,1,1,0.6666666667,0.625,1,0.3333333333,0,1,0,1,0,1,0,0,1,0,0,1,0
1,0.25,1,0.6868131868,1,1,0.6666666667,1,1,0.1964285714,1,0,0,1,0,1,0,1,0,0,0,0,0,0,1
0.3333333333,0.1617647059,0.75,0.0714285714,0.75,0.5,1,0.6666666667,0.3333333333,0.75,0.5,0.3333333333,0,0,0,0,0,1,0,0,1,0,0,1,1
1,0.0294117647,0.5,0.0164835165,0,0.5,0.3333333333,0,0,0.1785714286,1,0,0,0,0,0,0,1,0,0,1,0,0,1,0
0.3333333333,0.1176470588,0.5,0.1483516484,0,0.75,0.3333333333,0,0,0.1428571429,1,0,0,0,0,0,0,1,0,0,1,0,0,1,0
1,0.6470588235,0.5,0.2527472527,0,0,0.6666666667,0.3333333333,0.6666666667,0.25,0,0,0,1,0,0,0,1,0,1,0,0,0,0,1
1,0.0882352941,0.5,0.0659340659,0,0.5,0.3333333333,1,0.6666666667,0.8035714286,1,0,0,1,0,1,0,1,0,0,1,0,0,1,0
0.3333333333,0.5588235294,0.25,0.5,0,0,0.6666666667,0.3333333333,1,0.6428571429,0,0,0,1,0,0,1,1,0,0,0,0,0,0,0
1,0.0294117647,0.5,0.0604395604,0.5,0.5,0,1,0,0.7678571429,1,0,0,0,0,0,0,1,0,0,1,0,0,1,0
0,0.1176470588,0.5,0.1098901099,0,0.5,0.6666666667,0.6666666667,0.3333333333,0.0892857143,1,0,0,0,0,0,0,1,0,0,1,0,1,0,0
0.3333333333,0.6470588235,0.5,0.2087912088,1,0.75,0.6666666667,0,0.6666666667,0.3928571429,1,0.3333333333,1,1,0,0,0,1,0,0,1,0,0,1,0
1,0.2058823529,0.5,0.0879120879,0,0.5,1,0.3333333333,0.3333333333,0.1964285714,1,0,0,1,0,1,0,1,0,0,1,0,0,0,0
1,0.4705882353,0,0.1318681319,0,0.5,0.6666666667,0.3333333333,0.6666666667,0.1428571429,1,0.3333333333,0,0,0,0,0,1,0,0,1,0,0,1,0
0,0.6470588235,0.5,0.2527472527,0,0.75,0.6666666667,0.6666666667,0.3333333333,0.125,1,0,1,0,0,0,1,1,0,0,1,0,0,1,0
1,0.8235294118,0.5,0.543956044,0.25,0.75,0.3333333333,1,0,0.0357142857,1,0,0,1,0,0,0,1,0,0,1,0,0,1,0
1,0.1176470588,0.5,0.0714285714,0,0.75,0.6666666667,1,0.6666666667,0.3035714286,1,0,0,1,0,0,0,1,0,0,1,0,0,1,0
1,0.2941176471,1,0.0714285714,0.75,0.5,0.3333333333,0,0,0.4285714286,1,0.3333333333,0,0,0,0,0,1,0,0,1,0,1,0,0
0.3333333333,0.6470588235,0,0.4505494505,0.5,0.25,0.3333333333,0,0.6666666667,0.1964285714,1,0.3333333333,0,0,0,1,0,1,0,0,1,0,0,1,0
0,0.2941176471,1,0.1538461538,0,1,0.6666666667,1,0.3333333333,0.7857142857,1,0.3333333333,0,1,0,0,1,1,0,0,1,0,0,1,0
0.3333333333,0.1617647059,0.5,0.0604395604,0,1,0.6666666667,1,0.6666666667,0.3392857143,1,0.3333333333,0,0,0,0,0,1,0,0,1,0,1,0,0
0,0.1176470588,0.5,0.0604395604,0,0.25,0.3333333333,0,0,0.3214285714,1,0,0,0,0,1,0,1,0,0,1,0,1,0,1
0.3333333333,0.0294117647,0.5,0.0164835165,0,0.25,1,0,0.3333333333,0.0535714286,1,0,0,0,0,0,0,1,0,0,1,0,1,0,0
1,0.2058823529,0.75,0.1098901099,0,0.5,1,0.3333333333,0.6666666667,0.1607142857,1,0,0,1,0,0,0,1,0,0,1,0,0,1,1
0,0.1176470588,0.5,0.0274725275,0.25,0.25,1,0.6666666667,1,0.25,1,0,0,1,0,0,0,1,0,0,1,0,1,0,1
1,0.2058823529,0.5,0.2417582418,0,0.25,0.6666666667,0.3333333333,0.6666666667,0.2321428571,1,0,0,1,0,0,0,1,0,0,1,0,0,1,0
0.3333333333,0.0294117647,0.25,0.010989011,0.75,0.25,0.3333333333,0.3333333333,0.3333333333,0.0892857143,0,0,1,0,0,0,0,1,0,1,0,0,0,1,1
0.3333333333,0.25,0.75,0.1208791209,0,0.5,0,1,0.3333333333,0.5,1,0.3333333333,0,0,0,1,0,1,0,0,1,0,0,1,0
0,0.2058823529,1,0.0934065934,0,0.75,1,0,0.3333333333,0.2321428571,1,0.3333333333,0,1,0,0,0,1,0,0,1,0,0,0,0
1,0.2941176471,1,0.1373626374,0,0.5,0.6666666667,0.3333333333,0,0.2857142857,1,0.3333333333,0,0,0,0,0,1,0,0,1,0,1,0,0
0,0.1176470588,1,0.1813186813,0,0.5,0.3333333333,0.3333333333,0,0.1785714286,1,0.3333333333,0,0,0,1,0,0,1,0,1,0,0,1,1
0.3333333333,0.1764705882,1,0.0549450549,0,0,0.6666666667,0.6666666667,0.6666666667,0.875,1,0.6666666667,0,1,0,1,0,1,0,0,0,1,0,0,0
1,0.1029411765,1,0.0549450549,0.25,0,0.3333333333,1,0,0.6785714286,1,0.6666666667,0,0,0,0,0,1,0,0,1,0,1,0,0
0.3333333333,0.1176470588,0,0.0659340659,0,0.5,0.6666666667,0.3333333333,0,0.2142857143,1,0,0,1,0,0,0,1,0,0,1,0,1,0,0
1,0.2941176471,0.5,0.2857142857,1,0,0.3333333333,1,0.3333333333,0.125,1,0,0,1,0,0,1,1,0,1,0,0,0,0,0
0,0.1176470588,1,0.1098901099,0,1,0.6666666667,0.6666666667,0.3333333333,0.7321428571,1,0.3333333333,0,0,0,0,0,1,0,0,1,0,0,1,1
0.3333333333,0.4705882353,0.5,0.6703296703,1,0.5,0.6666666667,1,1,0.3214285714,1,0,0,1,0,1,0,1,0,0,0,0,0,1,1
1,0.2058823529,1,0.1648351648,1,0,0.6666666667,1,1,0.3392857143,1,0,0,1,0,0,1,1,0,0,1,0,0,0,0
0.3333333333,0.8235294118,0.5,0.7582417582,0,0.75,0.6666666667,0.3333333333,1,0.1428571429,1,0,0,1,0,1,0,1,0,0,1,0,0,0,1
0.6666666667,0.1617647059,0.5,0.1373626374,0,0.75,0.6666666667,1,0.3333333333,0.125,1,0,0,1,0,0,0,1,0,1,0,0,0,1,0
0,0.2941176471,0.25,0.0549450549,0,0,0.3333333333,1,1,0.1785714286,1,0.3333333333,0,0,0,1,0,0,1,1,0,1,0,0,1
0.3333333333,0.1617647059,0.25,0.3626373626,0.25,0,0.6666666667,0.3333333333,0.3333333333,0.2678571429,1,0,1,1,0,1,0,1,0,0,1,0,0,0,1
0.3333333333,0.1470588235,0.5,0.0659340659,0.5,1,1,0.3333333333,0,0.2857142857,1,0,0,1,0,0,0,1,0,0,1,0,0,1,0
1,0.1176470588,0.5,0.0494505495,0.5,0.5,0.3333333333,1,0.6666666667,0.1785714286,1,0,0,0,0,0,0,1,0,1,0,0,1,0,1
0,0.0294117647,1,0.1923076923,0,0.5,0.6666666667,0.6666666667,0,0.3214285714,1,0.6666666667,1,0,0,1,0,1,0,1,0,0,0,1,0
1,0.6470588235,1,0.4065934066,1,1,0,0.3333333333,0.6666666667,0.4821428571,0,0.3333333333,1,0,0,0,0,1,0,0,1,0,0,0,0
0.3333333333,0.1176470588,0.5,0.3461538462,1,0,0.6666666667,0,1,0.5892857143,1,0,0,1,0,0,0,1,0,0,1,0,0,0,1
0.3333333333,0.6029411765,1,0.2472527473,0,0.25,0.6666666667,0.3333333333,0.3333333333,0.1071428571,1,0.3333333333,0,0,0,0,0,1,0,0,1,0,1,0,1
0.6666666667,0.2941176471,1,0.1593406593,1,0.5,0.6666666667,0.3333333333,0.6666666667,0.2142857143,1,0.3333333333,0,1,0,0,0,1,0,0,1,0,0,1,0
1,0.2941176471,0.5,0.0384615385,1,0.75,0.6666666667,0.3333333333,0.6666666667,0.2142857143,0.5,0,0,1,0,0,0,1,0,0,1,0,0,1,0
0.3333333333,0.6470588235,0,0.7802197802,0,0.5,0.6666666667,0.3333333333,0.6666666667,0.1071428571,1,0,0,1,0,0,0,1,0,0,1,0,0,1,1
1,0.0294117647,0.5,0.0714285714,0,0.25,0.3333333333,0.3333333333,1,0.6607142857,1,0,0,0,0,0,0,1,0,0,1,0,0,1,0
0,0.2941176471,0.25,0.3681318681,0,0.25,0,0,0.3333333333,0.6428571429,0,0,0,1,0,0,0,1,0,0,1,0,0,1,1
1,0.0294117647,0.5,0.0604395604,0.25,1,0.6666666667,1,1,0.4107142857,0,0,1,1,0,0,0,1,0,0,0,0,0,1,0
0.3333333333,0.0735294118,0.5,0.0989010989,1,0.75,0.6666666667,0,0.6666666667,0.0892857143,1,0,0,1,0,0,0,1,0,0,1,0,0,1,0
1,0.2941176471,0.5,0.043956044,1,1,0.6666666667,0.3333333333,0.6666666667,0.1071428571,1,0.3333333333,0,0,0,0,0,1,0,0,1,0,0,1,0
0,0.2941176471,0,0.2142857143,0,1,0.6666666667,1,1,0.0714285714,0,0.3333333333,1,0,0,0,0,1,0,1,0,0,0,1,1
1,0.6470588235,0.75,0.3846153846,1,1,0.6666666667,0.6666666667,0.6666666667,0.2321428571,0,0.3333333333,1,0,0,0,0,1,0,0,1,0,0,1,0
0.3333333333,0.1029411765,1,0.0604395604,0.75,0.5,0.3333333333,1,0.6666666667,0.375,1,0.3333333333,0,0,0,1,0,1,0,0,1,0,0,1,0
0,0.2941176471,0.75,0.2582417582,0,0.5,0.6666666667,1,1,0.6071428571,1,0.3333333333,1,0,0,1,0,1,0,0,0,0,0,1,1
0,0.5588235294,0.75,0.2307692308,0,0.75,0.6666666667,0.3333333333,0.3333333333,0.125,0,0.3333333333,1,1,0,0,0,1,0,0,1,0,0,1,1
1,0.4705882353,1,0.5989010989,1,0.5,0.6666666667,0.3333333333,0.6666666667,0.1964285714,1,0,0,1,0,0,1,1,0,0,1,0,0,0,0
0.3333333333,0.3823529412,0.5,0.1538461538,1,1,0.3333333333,1,0.6666666667,0.1071428571,1,0,0,0,0,0,0,1,0,0,1,0,0,1,0
1,0.1176470588,1,0.021978022,0,1,0.6666666667,1,0,0.6607142857,1,0,0,0,0,0,0,1,0,0,1,0,0,1,0
0,0.2941176471,0.5,0.0384615385,1,1,0.3333333333,0.3333333333,0.6666666667,0.1785714286,0,0,0,0,0,1,0,1,0,0,1,0,0,1,1
1,0.1176470588,0.5,0.1208791209,1,1,0.6666666667,0.6666666667,0.6666666667,0.5535714286,1,0,0,1,0,1,0,1,0,0,1,0,0,1,0
0.6666666667,0.2058823529,0.5,0.1538461538,0,0.25,0.3333333333,0,0.3333333333,0.4642857143,0.5,0,0,0,0,0,0,1,0,0,1,0,1,0,0
0.3333333333,0.1176470588,1,0.0659340659,0,0.75,0.6666666667,0.6666666667,0.3333333333,0.125,1,0,0,0,0,0,0,1,0,0,1,0,0,1,0
0,0.1176470588,0.5,0.0384615385,0,0.75,1,1,0.3333333333,0.0357142857,1,0,0,0,0,0,0,1,0,1,0,0,0,1,1
0.3333333333,0.0735294118,0.25,0.2692307692,0,1,0.3333333333,1,1,0.9821428571,0,0,1,1,0,0,1,1,0,0,0,0,0,0,1
0.3333333333,0.1617647059,0.5,0.0659340659,1,0.25,0.6666666667,0,0.3333333333,0.0714285714,1,0,0,0,0,0,0,1,0,0,1,0,0,1,0
0.3333333333,0.6470588235,0.25,0.6593406593,1,0,0.6666666667,1,1,0.3035714286,1,0,0,1,0,1,0,0,1,0,0,0,0,0,0
0.3333333333,0.2941176471,0.75,0.1153846154,1,0.25,0.6666666667,0.3333333333,0.3333333333,0.1785714286,0,0,0,0,0,0,0,1,0,0,1,0,1,0,0
0,0.0294117647,0.5,0.010989011,0,0.25,0.3333333333,1,0.3333333333,0.0714285714,1,0,0,0,0,0,0,1,0,0,1,0,0,1,1
1,0.2058823529,1,0.0934065934,0.25,0.5,0.3333333333,0.3333333333,0,0.1964285714,1,0.3333333333,0,0,0,0,0,1,0,0,1,0,0,1,1
0,0.5147058824,1,0.7692307692,1,0.75,0.6666666667,1,0.3333333333,0.1964285714,1,0.3333333333,0,1,0,0,0,1,0,0,1,0,0,0,0
0,0.4705882353,0.5,0.5,0,0.75,0.6666666667,0,0.6666666667,0.0892857143,1,0,0,1,0,1,0,1,0,0,1,0,0,1,1
1,0.0294117647,0.5,0.0274725275,0.5,0.75,1,1,0,0.0714285714,1,0,0,0,0,0,0,1,0,1,0,0,1,0,0
0,0.2941176471,0.25,0.1428571429,0.5,0.5,0.6666666667,1,0,0.0535714286,0.5,0,0,1,0,0,0,1,0,0,1,0,0,1,0
1,0.1176470588,0.75,0.0769230769,0.75,1,0.6666666667,1,1,0.6428571429,1,0.3333333333,1,0,0,0,0,1,0,0,0,0,0,1,1
1,0.2941176471,0.5,0.0384615385,0,0.25,1,0.6666666667,0.6666666667,0.1428571429,1,0.3333333333,0,0,0,0,0,1,0,0,1,0,1,0,0
1,0.5588235294,1,0.2087912088,0.5,0.5,0.6666666667,1,0,0.3035714286,1,0.3333333333,0,1,0,0,0,1,0,0,1,0,0,1,0
1,0.2058823529,1,0.0769230769,0.75,1,0.6666666667,1,0.6666666667,0.4821428571,1,0.3333333333,0,0,0,0,0,1,0,0,1,0,0,1,0
0.3333333333,0.3823529412,0.5,0.1978021978,0,0.25,1,0,0.3333333333,0.0535714286,1,0,0,0,0,0,0,1,0,0,1,0,0,1,0
0.3333333333,0.6470588235,0,0.6593406593,1,0.5,0.6666666667,0.3333333333,0.6666666667,0.5178571429,0,0,0,1,0,0,0,1,0,0,1,0,0,0,0
0,0.2941176471,0.5,0.1208791209,0.25,0,0,0,0.3333333333,0.25,1,0,0,0,0,0,0,1,0,0,1,0,0,1,1
1,0.2941176471,1,0.1153846154,0,0.75,0.6666666667,0.6666666667,0.6666666667,0.2857142857,1,0.3333333333,0,1,0,0,1,1,0,0,1,0,0,1,0
0,0.1176470588,0.5,0.0714285714,0,0.5,0.3333333333,0,0.6666666667,0.0714285714,0,0,0,0,0,0,0,1,0,0,1,0,0,1,0
0,0.0294117647,1,0.021978022,0,0.75,0.3333333333,0.6666666667,0.3333333333,0.3214285714,1,0.3333333333,0,0,1,1,0,1,0,0,1,0,0,1,0
0,0.2058823529,0.5,0.0934065934,1,0.75,1,1,0.6666666667,0.0714285714,1,0.3333333333,0,0,0,0,0,1,0,1,0,0,1,0,0
0.3333333333,0.1176470588,0.5,0.021978022,0,0.25,1,0,0,0.125,0,0,0,0,0,0,0,0,0,0,1,0,1,0,0
0.3333333333,0.4705882353,0.5,0.1153846154,0,0.75,0.6666666667,0,0.6666666667,0.2321428571,1,0.3333333333,1,0,0,0,0,1,0,0,1,0,0,1,0
1,0.2941176471,0.75,0.2032967033,0,0.5,0.6666666667,0.3333333333,1,0.2321428571,1,0,0,0,0,0,0,1,0,0,0,0,0,1,0
0.3333333333,0.1176470588,0.5,0.043956044,0.25,0.25,0.3333333333,1,0.6666666667,0.1428571429,0,1,0,0,0,0,0,1,0,1,0,0,0,1,1
0.6666666667,0.3823529412,0.75,0.0934065934,0,1,0.6666666667,1,0,0.8392857143,1,0,0,1,0,0,0,1,0,0,1,0,0,0,1
0.3333333333,0.2058823529,1,0.0549450549,0,0.5,1,0.3333333333,0.6666666667,0.25,1,0,0,0,0,0,0,1,0,0,1,0,0,1,1
1,0.2058823529,0.5,0.1758241758,0,1,0.6666666667,1,0.3333333333,0.5,0,0.6666666667,1,1,0,0,0,1,0,0,1,0,0,1,0
0,0.25,0.5,0.1868131868,0,0.75,0.3333333333,1,0.6666666667,0.125,1,0,0,0,0,0,0,1,0,1,0,0,1,0,0
1,0.3823529412,0.25,0.4010989011,1,0,0.3333333333,0,0,0.6071428571,0,0,0,1,0,0,1,1,0,0,1,0,0,0,1
1,0.1176470588,0.5,0.0659340659,0,1,0.6666666667,1,0.3333333333,0.5,0,0.6666666667,1,1,0,0,0,1,0,0,1,0,0,1,0
0.6666666667,0.0294117647,1,0.043956044,0,0.5,0.3333333333,1,0.3333333333,0.5535714286,1,0,0,0,0,0,0,1,0,0,1,0,1,0,0
0.3333333333,0.1617647059,1,0.0714285714,1,1,0.6666666667,1,0,0.5535714286,1,0.3333333333,0,1,0,0,0,0,0,0,1,0,0,1,0
0.3333333333,0.3823529412,1,0.1098901099,1,1,0.6666666667,1,0,0.3035714286,1,0.3333333333,0,0,0,1,0,1,0,0,1,0,0,1,0
1,0,1,0.1758241758,0,0.75,0.3333333333,0,0,0.3214285714,1,0,1,0,0,1,0,1,0,0,1,0,0,1,0
0.3333333333,0.1176470588,0.5,0.0714285714,1,0.5,1,0,0,0.1071428571,1,0,0,1,0,0,0,1,0,0,1,0,0,1,1
0,0.0294117647,0.5,0.0659340659,0,0.5,0.6666666667,0.3333333333,0,0.3035714286,0,0,0,1,0,0,0,1,0,0,1,0,1,0,0
0.6666666667,0.0735294118,0,0.0604395604,0,0.25,0.6666666667,0.3333333333,0.6666666667,0.2678571429,1,0.3333333333,0,1,0,0,0,1,0,0,1,0,0,0,1
0,0.1617647059,1,0.0659340659,0,0.5,0.3333333333,0.6666666667,0.3333333333,0.1071428571,1,0.3333333333,0,0,0,0,0,1,0,1,0,0,0,1,0
1,0.2058823529,1,0.0494505495,0.75,0.5,0.6666666667,0.6666666667,0,0.4821428571,1,0.3333333333,0,0,0,0,0,1,0,0,1,0,0,1,0
0,0.1617647059,0.5,0.1263736264,0,0,0.3333333333,1,0.6666666667,0.0714285714,1,0,0,0,0,1,0,1,0,1,0,0,0,1,0
0.6666666667,0.1176470588,0.5,0.1153846154,0,0.5,0.3333333333,0.3333333333,0.6666666667,0.4821428571,1,0,0,0,0,0,0,1,0,0,1,0,1,0,0
1,0.0735294118,0.5,0.0714285714,0,0.75,0.6666666667,0.3333333333,0.6666666667,0.0535714286,1,0,0,0,0,0,0,1,0,0,1,0,0,1,1
1,0.2058823529,0.75,0.0879120879,0,0.75,0.3333333333,0,0,0.0535714286,1,0,0,0,0,0,0,1,0,0,1,0,0,1,1
1,0.0882352941,0.5,0.1483516484,1,0.25,0.3333333333,1,0,0.2142857143,1,0,0,0,0,0,1,1,0,1,0,0,0,1,0
1,0.3823529412,1,0.1428571429,0,0.5,0.3333333333,0.3333333333,0.6666666667,0.25,1,0,0,1,0,0,0,1,0,0,1,0,0,1,0
1,0.1617647059,1,0.0714285714,0,0.5,0.3333333333,0.3333333333,0.6666666667,0.4285714286,1,0,0,0,0,0,0,1,0,0,1,0,1,0,0
0.3333333333,0.6470588235,0,1,0,0.5,0.3333333333,0.3333333333,0.3333333333,0.2321428571,0,0,0,1,1,0,0,1,0,0,1,0,0,0,1
0.3333333333,0.2941176471,0.75,0.0769230769,0.25,0.75,0.3333333333,0.3333333333,0.3333333333,0.0714285714,1,0.3333333333,0,1,0,0,0,1,0,1,0,0,0,1,0
1,0.4705882353,0.75,0.2362637363,0,0.5,0.6666666667,0.3333333333,0.6666666667,0.125,1,0.3333333333,0,1,0,0,0,1,0,0,1,0,0,0,1
1,0.2352941176,1,0.1813186813,1,0.25,0,1,0,0.4464285714,1,0.3333333333,0,1,0,1,0,1,0,0,1,0,0,1,0
1,0.1617647059,1,0.0714285714,0,0.5,0.6666666667,1,1,0.2857142857,1,0.3333333333,0,1,0,0,0,1,0,0,0,0,0,1,0
1,0.2941176471,1,0.2912087912,0,1,0.6666666667,1,1,0.4464285714,1,0.3333333333,0,0,0,0,0,1,0,0,0,0,0,1,0
1,0.0735294118,1,0.1593406593,1,0.5,0.6666666667,0.3333333333,0,0.25,1,0.3333333333,1,0,0,0,0,1,0,0,1,0,0,1,0
0,0.2352941176,0.5,0.1098901099,1,0.75,0.6666666667,1,0.6666666667,0.3571428571,1,0,0,1,0,0,0,1,0,0,1,0,0,1,0
0,0.2058823529,1,0.043956044,0,0.25,0.3333333333,1,0.3333333333,0.0357142857,1,0,0,0,0,0,0,1,0,1,0,0,0,1,0
0,0.8235294118,0.75,0.3626373626,0,1,0.6666666667,1,1,0.7857142857,1,0.3333333333,0,1,0,0,0,1,0,0,1,0,0,1,1
0,0.2058823529,0.25,0.0659340659,0,0.75,0.6666666667,1,1,0.2321428571,1,0.3333333333,1,0,0,1,0,1,0,0,0,0,1,0,1
0.6666666667,0.0882352941,0.5,0.2032967033,0,0.25,0.6666666667,0,0.3333333333,0.3214285714,1,0,1,0,0,1,0,0,0,0,1,0,1,0,0
0,0.1176470588,0.5,0.0604395604,0,0.5,0.6666666667,0,0.3333333333,0.0357142857,1,0,0,0,0,0,0,0,0,0,1,0,1,0,0
0.3333333333,0.1617647059,1,0.1153846154,0.5,0.5,0.6666666667,1,0.6666666667,0.1428571429,0,0,0,0,0,0,0,1,0,0,1,0,0,1,0
0.6666666667,0.0294117647,1,0.0604395604,0,0.5,0.6666666667,0,0,0.9821428571,1,0.6666666667,1,0,1,1,0,1,0,0,1,1,0,0,0
0.3333333333,0.1617647059,1,0.1373626374,1,0.75,0.6666666667,0.3333333333,0,0.2857142857,0,0.6666666667,0,1,0,0,0,0,0,0,1,0,0,1,0
0,0.0735294118,0.5,0.1043956044,0,0.5,0.6666666667,0.3333333333,0,0.1071428571,1,0,0,0,0,0,0,1,0,0,1,0,0,1,0
0.3333333333,0.4705882353,0.5,0.1373626374,0.25,0.5,0.3333333333,1,1,0.5535714286,1,0,0,0,0,0,0,0,1,0,0,0,0,1,1
0,0.2058823529,0.5,0.0989010989,0,0.5,0.3333333333,1,0,0.0178571429,0,0,0,0,0,0,0,1,0,1,0,0,0,1,1
0,0.2941176471,0.25,0.1263736264,0.5,0.5,0.6666666667,1,0,0.0535714286,0.5,0,0,1,0,0,0,1,0,0,1,0,0,1,0
0,0.0735294118,0.5,0.0274725275,0,0.5,0.6666666667,0.6666666667,0.6666666667,0.1607142857,1,0,0,0,0,1,0,1,0,0,1,0,1,0,1
0,0.2058823529,1,0.2802197802,0,1,0.6666666667,1,1,0.3035714286,1,0.6666666667,0,1,0,1,0,1,0,0,0,0,0,0,0
1,0.6470588235,0.5,0.2032967033,1,0.5,0,0.3333333333,0,0.3392857143,0,0,0,0,0,0,0,1,0,0,1,0,0,1,1
1,0.4705882353,0.75,0.4285714286,1,0.25,0.6666666667,1,0.6666666667,0.1428571429,1,0.3333333333,0,1,0,0,0,1,0,1,0,0,0,1,1
0,0.6470588235,1,0.3241758242,0,1,0.3333333333,1,1,0.6964285714,0.5,0.3333333333,0,0,0,0,1,1,0,0,0,0,1,0,1
1,0.2058823529,0.5,0.0989010989,0,0.5,0.6666666667,1,1,0.5,0,0.3333333333,0,0,0,0,0,1,0,0,0,0,0,1,0
0,0.0294117647,1,0.0934065934,0,0,0.6666666667,1,1,0.3035714286,1,0.6666666667,0,1,0,0,0,1,0,0,0,0,0,0,0
0,0.4705882353,0.5,0.8626373626,0,0,0,0.6666666667,0.6666666667,0.4285714286,1,0,0,0,0,0,0,0,1,0,1,0,0,0,0
0,0.1617647059,0.5,0.0824175824,0,0.25,0.6666666667,0.6666666667,0,0.3035714286,1,0,0,0,0,1,0,1,0,0,1,0,0,1,0
1,0.2058823529,0.5,0.0714285714,0,0.25,1,0,0.3333333333,0.4285714286,1,0,1,0,0,0,0,0,1,0,1,0,1,0,1
0,0.4705882353,0.5,0.0989010989,1,1,0.6666666667,1,1,0.375,1,0,0,1,0,0,0,1,0,0,1,0,0,0,1
0.3333333333,0.2058823529,0.5,0.7032967033,0,0,0.3333333333,1,1,0.3392857143,1,0,0,1,0,0,1,1,0,0,0,0,0,0,1
0.3333333333,0.3823529412,0.25,0.1813186813,0.75,0.5,0.6666666667,0.3333333333,0.6666666667,0.2678571429,0.5,0,1,1,0,0,0,1,0,0,1,0,0,1,0
1,0.4705882353,0.5,0.0384615385,0.5,1,0.6666666667,1,0.3333333333,0.3035714286,1,0,0,0,0,1,0,1,0,0,1,0,0,1,0
0.3333333333,0.1176470588,0.5,0.3241758242,0,0.75,0.6666666667,0.3333333333,0.6666666667,0.2321428571,1,0,0,0,0,1,0,1,0,0,1,0,0,1,0
0.3333333333,0.0735294118,0.25,0.0659340659,0.25,0.75,0.6666666667,0.6666666667,1,0.1785714286,1,0,0,0,0,1,0,1,0,0,1,0,0,1,1
0.3333333333,0.3382352941,0.5,0.2032967033,0,0.5,0.6666666667,0.3333333333,0.6666666667,0.3035714286,1,0,1,1,0,0,0,1,0,0,1,0,0,1,1
1,0.1176470588,1,0.0274725275,0,1,0.6666666667,1,0,0.5892857143,1,0.6666666667,0,0,0,0,0,1,0,0,1,0,0,1,0
1,0.1176470588,1,0.0659340659,0.5,0.75,0.3333333333,1,0.6666666667,0.3214285714,1,0,0,1,0,0,0,1,0,1,0,0,0,1,0
0,0.1176470588,0.5,0.0934065934,0,0.25,0.3333333333,0,0.6666666667,0.0535714286,1,0,0,0,0,0,0,1,0,1,0,0,0,1,0
0.3333333333,0.1176470588,0.5,0.0604395604,0,0.25,0.3333333333,0,0.6666666667,0.1071428571,1,0,0,0,0,1,0,1,0,1,0,0,0,1,1
0.6666666667,0.4705882353,0.5,0.2197802198,0,0.5,0.6666666667,0.3333333333,0.6666666667,0.125,1,0,0,0,0,0,0,1,0,0,1,0,0,1,1
1,0.2941176471,0.5,0.0659340659,0.5,0.75,0.3333333333,0,0.6666666667,0.1607142857,1,0,0,0,0,0,0,1,0,0,1,0,0,1,0
1,0.3823529412,0.75,0.2252747253,0.25,0.5,0.6666666667,0.3333333333,0.3333333333,0.125,1,0.3333333333,0,0,0,0,0,1,0,0,1,0,1,0,0
0,0.0588235294,1,0.1758241758,0,0.75,0.6666666667,1,0,0.3571428571,1,0.3333333333,0,0,1,1,0,1,0,0,1,0,1,0,0
1,0.1176470588,1,0.0934065934,0,1,0.6666666667,1,0,0.4285714286,1,0.6666666667,0,1,0,0,0,1,0,0,1,0,0,1,0
0.3333333333,0.2058823529,0.5,0.0494505495,0,0.5,0.3333333333,1,0,0.125,1,0,1,0,0,0,0,0,0,0,1,0,1,0,0
0.3333333333,0.8235294118,0.25,0.8021978022,0.25,1,0.3333333333,1,1,0.7321428571,0,0.3333333333,0,1,0,0,0,1,0,0,0,0,0,0,1
1,0.2941176471,1,0.3076923077,0.75,0.5,0.6666666667,0.3333333333,0,0.1428571429,1,0.3333333333,0,0,0,0,1,1,0,0,1,0,0,1,0
0,0.2058823529,0.75,0.456043956,1,0.5,0.3333333333,0.3333333333,0.6666666667,0.0714285714,1,0.3333333333,0,1,0,0,0,1,0,1,0,0,0,1,0
0.6666666667,0.1176470588,0.5,0.1538461538,0,0.5,1,0,0.6666666667,0.0892857143,1,0,0,0,0,0,0,1,0,0,1,0,0,1,0
0.3333333333,0.1176470588,0.5,0.0989010989,0,0.75,0.6666666667,1,0.3333333333,0.1964285714,1,0,1,1,0,1,0,1,0,1,0,0,0,1,0
1,0.2941176471,1,0.2362637363,0,0.5,0.6666666667,0.3333333333,0,0.9821428571,1,0,0,1,0,0,0,1,0,0,1,0,0,0,0
1,0.2058823529,0.5,0.0714285714,0,0.25,0.3333333333,0,0,0.125,1,0,0,0,0,0,0,1,0,0,1,0,0,1,0
0,0.0294117647,0.5,0.010989011,0,1,0.3333333333,0,0.3333333333,0.5357142857,0,0,0,1,0,0,0,1,0,0,1,0,0,1,0
0,0.1176470588,0.5,0.0274725275,0.25,0,0.3333333333,0.6666666667,0.3333333333,0.0535714286,1,0,0,0,0,0,0,1,0,0,1,0,0,1,1
0,0.0294117647,1,0.0659340659,0,0.25,0.6666666667,1,0,0.375,1,0,1,0,1,1,0,1,0,0,1,0,1,0,0
1,0.0294117647,0.5,0.0549450549,1,0,0.6666666667,1,0.3333333333,0.3035714286,1,0,1,1,0,0,0,1,0,0,1,0,0,0,0
1,0.0294117647,0.5,0.1043956044,0,0.75,1,0.3333333333,0,0.1785714286,1,0,0,0,0,0,0,1,0,1,0,0,0,1,0
1,0.6470588235,1,0.3241758242,0,0.5,0.6666666667,0.6666666667,1,0.2142857143,0,0,0,1,0,0,0,1,0,0,0,0,0,1,0
0,0.1176470588,0.5,0.1868131868,0,0.5,0.6666666667,0.3333333333,0.3333333333,0.1785714286,1,0,1,0,0,0,0,0,1,0,1,0,1,0,0
0.3333333333,0.2941176471,0.5,0.1373626374,0,0.5,0.3333333333,1,0.3333333333,0.0178571429,1,0,0,1,0,1,0,1,0,1,0,0,1,0,1
0,0.2058823529,0.5,0.0604395604,0,0.5,1,0.6666666667,0,0.125,0,0,0,0,0,0,0,1,0,0,1,0,0,1,1
1,0.1176470588,0.5,0.1483516484,1,0,0.6666666667,1,1,0.3392857143,1,0,0,1,0,1,0,1,0,0,1,0,0,0,0
0,0.0882352941,1,0.1043956044,1,0.25,0.3333333333,0.6666666667,0,0.1428571429,1,0.3333333333,0,0,1,0,0,0,1,1,0,0,0,1,0
1,0.1176470588,1,0.0549450549,1,1,0.3333333333,0.3333333333,0,0.3392857143,1,0.3333333333,0,1,0,0,0,1,0,0,1,0,0,1,0
0.3333333333,0.4705882353,0.75,0.1483516484,0.25,1,0.6666666667,0.6666666667,1,0.1964285714,1,0,0,0,0,1,0,1,0,0,0,0,0,1,0
1,0.2058823529,1,0.043956044,0,0.5,0.3333333333,0.6666666667,0,0.3035714286,1,0.3333333333,0,0,0,1,0,1,0,0,1,0,0,1,0
0,0.5294117647,1,0.3186813187,0,0.5,0.6666666667,0.6666666667,1,0.1428571429,0,0,0,1,0,0,0,1,0,0,1,0,0,1,1
1,0.1617647059,0.75,0.0714285714,0,0.5,1,0.6666666667,0,0.25,0,0.3333333333,0,0,0,0,0,1,0,0,1,0,0,1,0
0.3333333333,0.2058823529,0.5,0.0934065934,0.75,0.5,0.6666666667,0.3333333333,0.3333333333,0.2857142857,1,0,0,1,0,0,0,1,0,0,1,0,1,0,0
1,0.0882352941,1,0.0549450549,0,1,0.6666666667,1,0,0.2321428571,1,0.3333333333,1,0,1,1,0,1,0,0,1,0,1,0,0
0.3333333333,0.0294117647,0.5,0.1043956044,0,0.25,1,0.6666666667,0.6666666667,0.1964285714,1,0,0,1,0,0,0,1,0,1,0,0,0,0,0
0.3333333333,0.0735294118,0.5,0.1043956044,0,0.5,0.6666666667,0.3333333333,0,0.3214285714,1,0,1,0,0,0,0,1,0,0,1,0,1,0,0
0.3333333333,0.6470588235,0.25,0.3406593407,0,1,0.3333333333,0.6666666667,1,0.7142857143,1,0,0,0,0,0,0,1,0,1,0,0,0,1,1
0,0.1176470588,1,0.2527472527,0,1,0.6666666667,1,0.3333333333,0.4285714286,1,0.3333333333,0,1,0,1,0,0,1,1,0,0,0,1,1
0.3333333333,0.2941176471,0.5,0.2307692308,1,0.5,0.3333333333,1,0.3333333333,0.5178571429,1,0,0,1,0,0,0,1,0,0,1,0,1,0,0
0,0.2941176471,0.25,0.0714285714,0,0.75,0.6666666667,1,0.6666666667,0.0892857143,0,0,0,0,0,0,0,0,0,1,0,0,1,0,1
1,0,1,0.0714285714,0,0.75,0.6666666667,0,0,0.4107142857,1,0.6666666667,1,0,0,1,0,1,0,0,1,0,1,0,0
0,0.2941176471,0.25,0.1703296703,0.5,0.25,0.6666666667,1,1,0.1964285714,1,0,1,1,0,0,0,1,0,0,0,0,0,1,1
0.3333333333,0.1176470588,1,0.043956044,0,0.75,0.6666666667,0.6666666667,0,0.5,1,0.3333333333,1,0,0,1,0,1,0,0,1,0,1,0,0
0.3333333333,0.0294117647,1,0.0384615385,1,0.75,0.3333333333,0.6666666667,0.3333333333,0.3571428571,1,0.3333333333,0,0,0,0,0,1,0,0,1,0,1,0,0
0,0.2058823529,1,0.1043956044,0,0.5,0.3333333333,1,0,0.0892857143,1,0.3333333333,0,0,0,0,0,1,0,1,0,0,0,1,1
0.6666666667,0.2941176471,0.5,0.2747252747,0,0.75,0.6666666667,0.3333333333,0.6666666667,0.1071428571,0,0,0,0,0,0,0,1,0,0,1,0,0,1,0
1,0.8235294118,0.75,0.8516483516,0,0.75,0.6666666667,1,0.6666666667,0.0357142857,1,0.3333333333,0,1,0,0,0,1,0,0,1,0,0,1,0
0.3333333333,0.2058823529,0.5,0.1648351648,0.5,0.25,1,0.6666666667,0,0.1071428571,1,0,0,0,0,0,0,1,0,1,0,0,0,1,0
0.3333333333,0.2058823529,0.5,0.0934065934,0.75,0.25,1,0.6666666667,0,0.3035714286,0,0,0,1,0,0,0,1,0,0,1,0,0,1,0
0,0.1176470588,0.5,0.032967033,0,0.75,0.6666666667,0.3333333333,0,0.125,1,0,0,0,0,1,0,1,0,0,1,0,0,1,1
1,0.0882352941,0.5,0.0659340659,0.25,0.5,0.6666666667,0.3333333333,0,0.2857142857,1,0,0,0,1,1,0,1,0,1,0,0,1,0,0
1,0.1617647059,0.5,0.0549450549,0.5,1,0.6666666667,0.6666666667,0.3333333333,0.5,0.5,0,0,1,0,0,0,1,0,0,1,0,0,1,0
1,0.2941176471,1,0.1098901099,1,0.75,0.6666666667,1,0.6666666667,0.4285714286,1,0.3333333333,1,1,0,0,1,1,0,0,1,0,0,1,0
0.3333333333,0.3823529412,0.75,0.1263736264,0.25,1,0.6666666667,0.3333333333,0.3333333333,0.3928571429,0.5,0.3333333333,0,0,0,0,0,1,0,0,1,0,0,1,0
0,0.2941176471,0.5,0.0989010989,0,0.5,0.6666666667,1,0,0.0357142857,1,0,1,0,0,0,0,1,0,1,0,0,1,0,1
0,0.1470588235,0.5,0.4835164835,0,1,0,1,0.3333333333,0.4642857143,1,0,0,1,1,1,0,1,0,0,1,0,0,0,1
0.6666666667,0.1176470588,0.75,0.1098901099,0,0.5,0.3333333333,0.3333333333,0.6666666667,0.3035714286,0.5,0.3333333333,0,1,0,1,0,1,0,0,1,0,0,1,0
1,0.2058823529,0.5,0.010989011,0,0,0.3333333333,1,0,0.0535714286,1,0,0,0,0,0,0,0,1,1,0,0,0,1,1
1,0.1617647059,0.5,0.1538461538,0,0.75,0.6666666667,0.3333333333,0.6666666667,0.25,1,0,0,0,0,0,1,1,0,0,1,0,0,1,0
1,0.3382352941,0.75,0.4615384615,0.75,0.5,0.6666666667,0.3333333333,0.6666666667,0.1428571429,1,0.3333333333,0,0,0,0,1,1,0,0,1,0,0,1,0
1,0.0735294118,0.5,0.1978021978,1,1,0.6666666667,1,0,0.8035714286,1,0,0,0,0,0,0,1,0,0,1,0,1,0,0
0,0.2058823529,0.5,0.1813186813,0,0.75,0.3333333333,0,0,0.1071428571,1,0,0,0,0,0,0,0,0,0,1,0,0,1,0
0.3333333333,0.1176470588,0.5,0.0604395604,0.75,1,0.6666666667,1,0,0.625,1,0,0,1,0,1,0,1,0,0,1,0,0,1,0
1,0.1617647059,0.25,0.0769230769,0.25,1,0.6666666667,1,0.6666666667,0.2678571429,0,0,1,0,0,0,0,1,0,0,1,0,1,0,0
0,0.2058823529,0.5,0.0494505495,0,0,0.3333333333,0.3333333333,0.6666666667,0.25,1,0,0,0,0,0,0,1,0,0,1,0,0,1,1
1,0.1176470588,1,0.043956044,1,1,0.6666666667,1,0.6666666667,0.2857142857,1,0.3333333333,0,0,0,0,0,1,0,0,1,0,0,1,0
0,0.1176470588,0.5,0.0934065934,0,0.5,0.3333333333,1,0.3333333333,0.1785714286,1,0,0,1,0,1,0,0,0,0,1,0,0,1,0
0.6666666667,0.4705882353,0.5,0.3076923077,0,0.5,0.6666666667,0,0.6666666667,0.0892857143,1,0,0,0,0,0,0,1,0,0,1,0,0,1,0
0.3333333333,0.2352941176,0.75,0.3791208791,1,0.75,0.6666666667,1,0.3333333333,0.3035714286,0,0.3333333333,1,1,0,0,1,1,0,1,0,0,0,0,0
0,0.2941176471,0.5,0.2527472527,0,0.75,0.6666666667,0.6666666667,0.3333333333,0.2142857143,1,0,0,1,0,1,0,0,1,0,1,0,0,1,1
0.6666666667,0.2941176471,0.5,0.1483516484,0,1,0,1,1,0.5714285714,1,0,0,0,0,0,0,1,0,0,0,0,0,1,0
1,0.4705882353,0.5,0.4340659341,0,0.5,0.3333333333,0.3333333333,0.3333333333,0.1964285714,0,0,0,0,0,0,1,1,0,0,1,0,0,1,0
0,0.2941176471,0.25,0.1648351648,0,0.5,0.6666666667,0.3333333333,0.3333333333,0.2142857143,1,0,0,1,0,0,0,1,0,1,0,0,0,1,1
0,0.1176470588,0.5,0.0604395604,0,0.5,0.3333333333,1,0.6666666667,0.0178571429,1,0,0,0,0,0,0,1,0,1,0,0,0,1,1
1,0.4705882353,0.5,0.3956043956,1,1,0.6666666667,0.3333333333,0.3333333333,0.3214285714,1,0.3333333333,0,0,0,0,0,1,0,0,1,0,0,1,0
0.3333333333,0.2058823529,0.5,0.3351648352,0,0.75,0.6666666667,0.6666666667,0,0.1607142857,1,0,0,0,0,1,0,1,0,1,0,0,1,0,0
0.3333333333,0.2941176471,1,0.2472527473,0,0.25,0.3333333333,1,0.6666666667,0.1071428571,0,0,0,0,0,0,0,1,0,0,1,0,1,0,1
1,0.25,1,0.1153846154,0,0.25,0.3333333333,1,0.3333333333,0.0714285714,1,0,0,1,0,0,0,1,0,0,1,0,0,1,0
0,0.1617647059,0,0.043956044,0,1,0.6666666667,0.6666666667,0.6666666667,0.25,1,0.3333333333,1,0,0,1,0,1,0,1,0,0,0,1,1
0,0.1176470588,0.5,0.0549450549,0,0.5,0.3333333333,0.3333333333,0,0.0892857143,1,0,0,0,0,1,0,1,0,0,1,0,1,0,1
1,0.0294117647,0,0.010989011,0,1,1,1,0.6666666667,0.3571428571,1,0,0,0,0,0,0,1,0,0,1,0,1,0,0
0,0.4705882353,1,0.3296703297,0,0.25,0.3333333333,1,1,0.0714285714,1,0.3333333333,0,1,0,0,0,0,1,1,0,0,1,0,1
0.3333333333,0.6470588235,1,0.2692307692,0,0.5,0.3333333333,0.6666666667,0.6666666667,0.1964285714,1,0,0,1,0,0,0,1,0,0,1,0,0,0,1
1,0.1617647059,0.5,0.1868131868,1,0.5,0.6666666667,0.3333333333,1,0.1785714286,1,0,0,0,0,1,0,1,0,0,1,0,0,1,0
0,0.4705882353,0.5,0.2087912088,0,0,0.6666666667,0.6666666667,0.3333333333,0.1964285714,1,0,0,1,0,0,0,1,0,0,1,0,0,0,0
0,0.1617647059,0.5,0.0494505495,0,0.25,1,0.3333333333,0,0.1428571429,1,0,0,0,1,0,0,1,0,0,1,0,0,1,0
1,0.4705882353,1,0.3021978022,0.75,1,0.6666666667,0.3333333333,0.6666666667,0.3392857143,1,0.3333333333,0,1,0,0,1,1,0,0,1,0,0,0,0
1,0.0735294118,0.5,0.0659340659,0,0.75,0.3333333333,0.3333333333,0.6666666667,0.1428571429,1,0.3333333333,0,0,0,0,0,1,0,0,1,0,0,1,0
0.3333333333,0.2941176471,1,0.1428571429,1,0.75,0.6666666667,0.6666666667,1,0.2678571429,1,0.3333333333,1,1,0,0,0,1,0,0,1,0,0,1,0
1,0.0294117647,0.5,0.0769230769,0,0.75,0.6666666667,0.3333333333,0.3333333333,0.5714285714,1,0,1,0,0,0,0,1,0,0,1,0,0,1,0
1,0.2058823529,0.5,0.0494505495,1,0.25,0.3333333333,0.3333333333,0,0.0357142857,1,0,0,1,0,0,0,1,0,1,0,0,0,1,0
0.3333333333,0.6470588235,0.75,0.4065934066,0.25,0,0.6666666667,1,1,0.2142857143,1,0,0,1,0,0,0,1,0,0,0,0,0,0,0
0.6666666667,0.1176470588,0.5,0.0934065934,0,0.5,0.3333333333,0.3333333333,0.6666666667,0.4464285714,1,0,0,1,0,0,0,1,0,1,0,0,1,0,0
0,0.2941176471,0.75,0.0824175824,0,0.25,0.3333333333,0.3333333333,0.6666666667,0.1785714286,1,0,0,1,0,0,0,1,0,1,0,0,1,0,1
1,0.0441176471,0.75,0.032967033,1,1,0.6666666667,1,1,0.3035714286,1,0,0,0,0,0,0,1,0,0,0,0,0,1,0
1,0.2058823529,0,0.2197802198,0,0.5,0.6666666667,0.3333333333,0.6666666667,0.3035714286,0.5,0.3333333333,1,0,0,0,0,1,0,0,1,0,0,1,1
1,0.2058823529,1,0.1208791209,0,0.5,0.3333333333,0.3333333333,0.6666666667,0.125,1,0.3333333333,0,0,0,0,0,1,0,0,1,0,0,1,0
1,0.0882352941,0.5,0.0604395604,1,0.5,0.6666666667,1,0.3333333333,0.1428571429,1,0,0,0,0,1,0,0,0,0,1,0,1,0,1
1,0.2058823529,0.5,0.1758241758,1,0.5,0.6666666667,0,0.3333333333,0.2142857143,1,0,0,1,0,0,1,1,0,0,1,0,0,1,0
0,0.3823529412,0,0.4340659341,1,0.25,0.6666666667,0.6666666667,0.6666666667,0.1071428571,0,0.6666666667,0,0,0,0,0,1,0,0,1,0,0,1,0
1,0.0294117647,1,0.0934065934,1,0.5,0.6666666667,0.3333333333,0,0.2678571429,1,0.3333333333,1,0,0,0,0,1,0,0,1,0,1,0,0
0.3333333333,0.1617647059,0,0.0879120879,0,0.25,0.3333333333,0,0,0.125,1,0.3333333333,0,0,0,1,0,1,0,1,0,1,0,0,1
1,0.2058823529,0.5,0.1373626374,1,0.75,0.6666666667,0.6666666667,0.3333333333,0.2321428571,1,0,0,0,1,1,0,1,0,0,1,0,0,1,0
0.3333333333,0.2941176471,0.5,0.0989010989,0,1,0.3333333333,1,0.6666666667,0.0178571429,1,0,0,1,0,0,0,1,0,0,1,0,0,1,0
0,0.0294117647,0.5,0.0659340659,1,0,0.3333333333,0.6666666667,0.3333333333,1,1,0,0,1,0,1,0,1,0,0,1,0,0,0,0
0,0.0735294118,1,0.1428571429,0,0.5,0.6666666667,0.3333333333,0,0.3035714286,1,0.3333333333,1,0,0,1,0,1,0,1,0,0,0,1,0
0.3333333333,0.0441176471,0.5,0.1208791209,0,0.5,0.6666666667,0.3333333333,0,0.2678571429,1,0,0,0,0,0,0,0,0,0,1,0,0,1,0
0,0.2352941176,1,0.1098901099,0,0.5,1,0.3333333333,0.3333333333,0.25,0,0.3333333333,0,0,1,1,0,0,0,1,0,0,0,1,1
1,0.3823529412,1,0.3571428571,1,0.75,0.6666666667,0.6666666667,0.3333333333,0.3035714286,1,0.3333333333,0,0,0,0,0,1,0,0,1,0,0,1,0
0.6666666667,0.0882352941,1,0.032967033,0,1,0.6666666667,1,1,0.7857142857,1,0.3333333333,0,1,0,1,0,1,0,0,0,0,0,1,0
0,0.1176470588,0,0.0494505495,0,0.5,0.6666666667,1,0.6666666667,0.5178571429,0,0.3333333333,0,0,0,1,0,1,0,0,1,0,0,1,1
0,0.1764705882,1,0.1318681319,0,1,0.6666666667,1,0.3333333333,0.4285714286,0,0,0,1,0,1,0,0,0,1,0,0,0,1,1
1,0.2941176471,1,0.2032967033,0,1,0.3333333333,0.3333333333,0.6666666667,0.3928571429,1,0.3333333333,0,1,0,0,1,1,0,1,0,0,0,0,0
0.3333333333,0.2941176471,0.5,0.6098901099,0,0.5,0.6666666667,0.6666666667,0.6666666667,0.1785714286,0,0.3333333333,0,1,0,0,0,0,1,0,1,0,0,0,1
1,0.1176470588,1,0.3076923077,1,1,0.6666666667,1,0.3333333333,0.5357142857,1,0,0,1,0,0,0,1,0,1,0,0,0,1,0
1,0.0294117647,0.5,0.0274725275,0,0,0.3333333333,1,0,0.625,1,0,0,1,0,1,0,1,0,0,1,1,0,0,0
1,0.4705882353,0.75,0.2362637363,0,0.5,0.3333333333,1,0,0.2678571429,1,0.3333333333,0,0,0,0,0,1,0,0,1,0,0,1,0
1,0.2941176471,0.5,0.1318681319,0.75,0.5,0.3333333333,1,0.6666666667,0.1607142857,1,0,0,1,0,0,1,1,0,1,0,0,0,1,0
1,0.1176470588,0.5,0.0604395604,0,0.5,0.6666666667,0.3333333333,0.6666666667,0.1071428571,1,0,0,0,0,0,0,1,0,0,1,0,0,1,0
1,0.4705882353,0.5,0.1868131868,0,1,0.6666666667,0.3333333333,0.6666666667,0.1607142857,1,0,0,0,0,0,0,1,0,0,1,0,0,1,0
1,0.2941176471,0.5,0.1428571429,0.5,1,0.6666666667,1,0.3333333333,0.6071428571,1,0,0,0,0,0,0,1,0,0,1,0,0,1,0
1,0.1176470588,1,0.1043956044,0,0.75,0.6666666667,0.6666666667,0,0.5357142857,1,0,1,0,0,0,0,1,0,0,1,0,1,0,0
1,0.2058823529,0.5,0.0934065934,0,0.25,0.3333333333,1,0,0.0714285714,1,0,0,0,0,0,0,1,0,0,1,0,0,1,1
0,0.2058823529,0.5,0.1373626374,0.75,0.5,0.6666666667,0.3333333333,0.6666666667,0.1607142857,1,0,0,0,0,0,0,1,0,0,1,0,0,1,0
0.3333333333,0.6470588235,0.5,0.456043956,1,0.75,0.3333333333,0.3333333333,0.6666666667,0.0892857143,1,0,0,0,0,1,0,1,0,0,1,0,0,1,0
1,0.0735294118,1,0.0549450549,0,0.5,0.6666666667,0,0,0.1964285714,1,0.3333333333,0,0,0,1,0,1,0,0,1,0,0,1,0
1,0.2941176471,0.5,0.1648351648,0.5,1,0,0.3333333333,0.6666666667,0.125,1,0,0,1,0,0,0,1,0,0,1,0,0,0,0
1,0.4705882353,0.5,0.1153846154,0.5,1,0.6666666667,1,0.6666666667,0.3571428571,1,0,0,0,0,0,0,1,0,0,1,0,0,1,0
0.3333333333,0.4705882353,1,0.1428571429,0,0.25,0,1,0.6666666667,0.1428571429,1,0.3333333333,0,0,0,1,0,1,0,0,1,0,0,1,1
0.3333333333,0.2941176471,0.5,0.0549450549,0,0.25,0.6666666667,0,0.3333333333,0.125,1,0,0,0,0,1,0,1,0,0,1,0,0,1,0
0,0.1176470588,0.5,0.032967033,0,0.25,0.3333333333,1,0.3333333333,0.6071428571,1,0,0,0,0,0,0,1,0,0,1,0,0,1,1
1,0.0735294118,0.5,0.0604395604,0,1,0.6666666667,1,0.6666666667,0.0178571429,1,0,0,0,0,0,0,1,0,0,1,0,0,1,0
1,0.6470588235,1,0.543956044,0.5,0.5,0.6666666667,0.3333333333,1,0.4464285714,0,0,0,0,0,1,0,1,0,0,0,0,0,1,1
