0,1,2,3,4,5,6,7,8,9,10,11,12,13,14,15,16,17,18,19,20,21,22,23,24,25,26,27,28,29,30,31,32,33,class
1,0,0.94705,0.567125,0.935005,0.657715,0.89448,0.71694,0.81694,0.799875,0.770015,0.85508,0.698495,0.880805,0.62133,0.897615,0.54567,0.89799,0.454205,0.881305,0.398995,0.83463,0.348685,0.81305,0.29724,0.752445,0.268925,0.703765,0.24843,0.63626,0.235885,0.59586,0.25596,0.52986,0
1,0,0.71,0.195,0.5,0.5,1,0,0.95,1,0.715,0.82,0.5,0.5,0.5,0.5,0.835,0.355,0.92,0,0.5,0.5,0.5,0.5,0.605,0.84,1,0.61,0.5,0.5,0.5,0.5,0.5,0.5,1
1,0,0.792295,0.32237,1,0.67669,0.87688,0.49718,0.912595,0.596805,0.75094,0.36184,0.829885,0.531955,0.848685,0.57331,0.86184,0.286655,0.88064,0.522555,0.834585,0.602445,0.92387,0.295115,0.82425,0.476505,0.78418,0.447145,0.7641,0.43327,0.57801,0.43891,0.723835,0.448455,0
1,0,0.965735,0.64641,0.899585,0.77878,0.79976,0.85798,0.631015,0.963255,0.52318,0.98374,0.383815,0.97565,0.22037,0.90509,0.133355,0.811925,0.045025,0.681,0.03873,0.5302,0.03191,0.40081,0.08404,0.26547,0.174175,0.15222,0.293885,0.071375,0.43205,0.030235,0.550035,0.025885,0
0,0,0,0,1,0,0,1,0.5,0.5,1,0,1,0,0.5,0.5,0.5,0.5,0.5,0.5,0,1,1,0,0,1,1,1,0.5,0.5,1,0.75,0.5,0.5,1
1,0,0.5,0.5,1,0.75862,0.5,0.5,0.554955,0,0.5,0.5,0.5,0.5,0,0.38793,0.221445,0.083515,0.8847,0.815735,0.5,0.5,0.76724,0.67834,0.04849,0.72414,1,0,0,0.907865,0.5,0.5,0.5,0.5,1
1,0,0.53202,0.423645,0.477835,0.529555,0.54187,0.487685,0.49261,0.593595,0.53202,0.5,0.561575,0.45074,0.529555,0.5,0.50985,0.48522,0.43596,0.39655,0.534485,0.50739,0.534485,0.51478,0.53941,0.58128,0.640395,0.47537,0.470445,0.4532,0.522165,0.527095,0.536945,0.445815,1
1,0,0.94104,0.426805,0.96704,0.444715,0.9605,0.41775,0.941535,0.41482,0.94231,0.340955,0.926345,0.342685,0.91058,0.32038,0.903405,0.33184,0.876215,0.26489,0.852775,0.264235,0.83075,0.249575,0.806485,0.25957,0.78402,0.226855,0.750895,0.20073,0.735375,0.213115,0.710945,0.20957,0
1,0,1,0.35786,1,0.37327,0.973115,0.32453,1,0.34717,0.96368,0.254715,0.95409,0.279405,0.878615,0.205505,0.84874,0.209905,0.798115,0.212105,0.842295,0.145125,0.772325,0.063365,0.74607,0.133335,0.67752,0.11973,0.63176,0.108805,0.58302,0.134275,0.56997,0.15,0
1,0,0.829545,0.185605,0.5,0.5,0.5,0.5,0.886365,1,1,0.35985,0.5,0.5,0.5,0.5,0.810605,0.386365,0.920455,0,1,0,0.5,0.5,0.5,0.5,1,0.030305,0.435605,0.03409,0.5,0.5,0.5,0.5,1
1,0,1,0.5,1,0.5,0.833335,0.555555,1,0.444445,0.944445,0.444445,1,0.38889,0.88889,0.5,0.88889,0.5,1,0.444445,0.88889,0.444445,0.833335,0.444445,0.833335,0.5,0.951735,0.47324,1,0.555555,0.944445,0.444445,1,0.5,0
1,0,0.923565,0.483015,0.93206,0.457535,0.909765,0.5,0.868365,0.461785,0.859875,0.43206,0.874735,0.441615,0.887475,0.40658,0.89066,0.393845,0.80998,0.449045,0.895965,0.421445,0.94692,0.483015,0.92463,0.369425,0.870575,0.38344,0.83121,0.388535,0.863055,0.31104,0.829085,0.375795,0
1,0,0.947945,0.69643,0.830645,0.85902,0.647605,0.95412,0.476065,0.972075,0.271375,0.923025,0.1117,0.792555,0.035905,0.625665,0.03859,0.423425,0.11968,0.25798,0.245345,0.119015,0.425525,0.057045,0.607905,0.071485,0.766145,0.157035,0.87423,0.29672,0.91571,0.464855,0.88431,0.63963,0
1,0,0.926045,0.69626,0.694435,0.88216,0.54429,0.994515,0.286875,0.94372,0.118855,0.7499,0.03454,0.55384,0.0705,0.34478,0.16985,0.22369,0.4037,0.069685,0.64222,0.09752,0.823245,0.32385,0.88907,0.38338,0.85849,0.606715,0.68915,0.79155,0.598335,0.831575,0.443925,0.824665,0
1,0,0.62658,0.679745,0.5,0.5,0.3519,0,0.5,0.5,0.537975,0.46329,0.5,0.5,0.5,0.5,0.5,0.5,0.5,0.5,0.503795,0.840505,0.4,0.668355,0.4481,0.67848,0.52785,0,0.5,0.5,0.531645,0,0.5,0.5,1
1,0,0.92067,0.40819,0.71822,0.514595,0.967105,0.498665,0.939735,0.568975,0.905605,0.491055,0.942795,0.774955,0.95857,0.21257,0.875,0.3524,0.93338,0.39948,1,1,0.73305,0.41855,0.95033,0.48611,0.96679,0.49421,0.80791,0.33851,0.922315,0.37147,0.966615,0.492875,0
1,0,0.973265,0.643565,0.86277,0.83624,0.73782,0.912275,0.506335,0.945545,0.375645,0.922375,0.26178,0.780395,0.120595,0.708715,0.167725,0.53604,0.17287,0.402375,0.237625,0.28,0.345745,0.224555,0.479405,0.17604,0.580425,0.2179,0.68376,0.290495,0.730295,0.387325,0.75188,0.4701,0
1,0,0.926355,0.52713,1,0.540345,1,1,0.957365,0.496125,0.918605,0.51938,1,0.635765,1,1,0.906975,0.523255,0.95349,0.55814,1,0.75335,1,0,0.9031,0.51938,1,0.858065,0.92248,0.534885,1,0.936585,1,1,1
1,0,0.95187,0.49198,1,0.540105,1,0.50802,0.96524,0.502675,0.967915,0.49198,1,0.5,1,0.532085,1,0.524065,0.95722,0.52139,0.983955,0.510695,0.99465,0.49198,0.981285,0.52674,0.98487,0.52226,0.938505,0.50535,1,0.545455,0.989305,0.532085,0
1,0,0.97601,0.51127,0.968785,0.49364,0.96763,0.50607,0.983525,0.49133,0.98468,0.5026,0.978325,0.48468,0.9763,0.497975,0.9974,0.486705,0.998845,0.50896,0.96792,0.475145,0.969075,0.48815,0.98526,0.477745,0.981075,0.491765,0.986995,0.50954,0.97717,0.48295,0.97919,0.504045,0
1,0,0.86207,0.49458,0.89852,0.50542,0.9,0.500985,0.895075,0.50542,0.89212,0.495075,0.91675,0.516255,0.925615,0.508375,0.900495,0.49606,0.895565,0.48522,0.879805,0.51675,0.87389,0.527585,0.863055,0.49261,0.890205,0.50306,0.870445,0.474875,0.91478,0.51478,0.895075,0.50394,0
1,0,0.727275,0.545455,0.81818,0.545455,0.636365,0.59091,0.81818,0.5,0.68182,0.454545,0.727275,0.454545,0.74306,0.493285,0.81818,0.40909,0.727275,0.5,0.68182,0.454545,0.636365,0.59091,0.68182,0.454545,0.67221,0.49116,0.636365,0.5,0.68182,0.5,0.644925,0.49084,0
1,0,0.93142,0.59655,0.9046,0.705745,0.836015,0.778925,0.772795,0.84981,0.683525,0.907665,0.598085,0.928355,0.479695,0.93142,0.413795,0.878925,0.3295,0.828735,0.259005,0.78046,0.19885,0.70498,0.20383,0.628735,0.18481,0.54409,0.213795,0.46092,0.22567,0.400385,0.28544,0.34023,0
0,0,0.5,0.5,0.5,0.5,0.5,0.5,0.5,0.5,0.5,0.5,1,1,1,1,1,0,0.5,0.5,1,1,1,0,1,1,1,0.5,1,1,1,0,0.5,0.5,1
1,0,1,0.81774,1,1,0.885615,1,0.333335,1,0,1,0.5,1,0,1,0,0.5,0,0.166665,0,0.03732,0,0.333335,0.333335,0,0.596175,0,1,0,0.5,0,1,0.166665,0
1,0,0,0,0.5,0.5,0.75407,0.10749,0.80293,0.664495,0,0.29316,0.5,0.5,0.5,0.5,1,0.36645,0.68241,0.18241,0.98534,0,0,0,1,0.201955,0,0,0,0,1,0,0.5,0.5,1
0,0,1,1,1,0,1,1,1,1,1,1,1,0,1,1,1,0,1,0,1,1,1,1,1,0,1,1,1,1,1,1,1,1,1
1,0,1,0.75,1,0.625,0.625,1,0.584255,0.9559,0.43332,0.90227,0.329465,0.803965,0.2809,0.68928,0.281685,0.583545,0.31662,0.50339,0.367615,0.454875,0.41911,0.43518,0.46109,0.43628,0.489555,0.44879,0.505165,0.46482,0.51112,0.47929,0.511245,0.489915,0
1,0,1,1,1,0,0.5,0.5,0.5,0.5,1,1,1,0,1,1,1,0,0.5,0.5,0.5,0.5,1,0.36111,0.5,0.5,1,0,1,1,1,0,0.5,0.5,1
1,0,0.87042,0.52487,0.89537,0.512715,0.892875,0.518965,0.83115,0.54974,0.839005,0.65576,0.87967,0.53674,0.873475,0.54221,0.853405,0.460735,0.818065,0.5,0.850105,0.556775,0.840915,0.560925,0.83508,0.577225,0.82079,0.56804,0.828535,0.587695,0.798795,0.573485,0.787275,0.57557,0
1,0,0.833335,0.49317,0.98702,0.534155,0.74795,0.750685,0.878415,0.498635,0.82582,0.429645,0.70082,0.255465,0.69604,0.793715,0.88388,0.659155,0.89276,0.556695,0.737705,0.275275,1,0.503415,0.80328,0.534835,0.84328,0.58544,0.93784,0.538935,0.77664,0.62295,0.56967,0.740435,0
1,0,0.98857,0.595245,0.913415,0.731295,0.858855,0.79366,0.73984,0.92139,0.657045,0.963215,0.551445,0.969725,0.43373,0.92145,0.3399,0.95812,0.239275,0.897625,0.15863,0.74754,0.11296,0.667685,0.07312,0.589245,0.08343,0.49321,0.08817,0.403395,0.163555,0.33169,0.200285,0.2515,0
1,0,1,0.620385,0.999075,0.501845,0.90122,0.349335,0.949595,0.38257,0.853215,0.379615,0.869275,0.347305,0.85746,0.31961,0.73597,0.194055,0.702365,0.224705,0.805205,0.30336,0.76588,0.336595,0.61983,0.23929,0.64604,0.25805,0.563885,0.304285,0.578285,0.243355,0.591765,0.266985,0
1,0,0.967685,0.568225,0.96858,0.626795,0.928525,0.693895,0.895195,0.735635,0.86176,0.79971,0.8263,0.875,0.75415,0.86793,0.708145,0.91371,0.627695,0.92976,0.56856,0.928075,0.50247,0.944345,0.463195,0.8989,0.395025,0.89002,0.334155,0.85727,0.30734,0.821815,0.262905,0.779175,0
1,0,0.89915,0.547085,0.890645,0.60328,0.85814,0.64034,0.8466,0.70626,0.829585,0.75061,0.78949,0.80407,0.74605,0.792225,0.66677,0.839305,0.647935,0.81774,0.547995,0.84052,0.51033,0.86118,0.45626,0.815915,0.440375,0.80348,0.40887,0.780075,0.37242,0.758505,0.363305,0.712335,0
1,0,0.980355,0.53544,1,0.52148,1,0.546565,0.950845,0.47428,0.946315,0.5129,0.91625,0.46929,0.93767,0.549155,0.88272,0.5014,0.87603,0.473525,0.829805,0.460475,0.82079,0.470355,0.778385,0.461475,0.790255,0.488975,0.74832,0.493745,0.75655,0.499925,0.760495,0.49909,0
1,0,0.71875,0.520835,0.791665,0.447915,0.697915,0.5,0.666665,0.46875,0.739585,0.5,0.645835,0.552085,0.770835,0.510415,0.71875,0.385415,0.677085,0.385415,0.666665,0.541665,0.625,0.59375,0.697915,0.40625,0.72006,0.44968,0.708335,0.458335,0.791665,0.34375,0.666665,0.46875,0
1,0,0.940515,0.495715,0.94909,0.487675,0.970525,0.49089,0.945875,0.436225,0.91104,0.44534,0.944265,0.505895,0.95391,0.431405,0.93569,0.469455,0.95391,0.48821,0.93998,0.427115,0.914255,0.437835,0.950695,0.402465,0.941225,0.425485,0.92176,0.43569,0.94212,0.40729,0.958735,0.415865,0
1,0,0.73969,0.438145,0.71392,0.438145,0.850515,0.304125,0.86598,0.53608,0.631445,0.391755,0.747425,0.579895,0.726805,0.44072,0.71134,0.53093,0.75,0.3634,0.773195,0.592785,0.71134,0.541235,0.853095,0.59794,0.76698,0.437765,0.57732,0.368555,0.737115,0.52062,0.726805,0.24227,0
1,0,0.75233,0.4155,0.85721,0.507565,0.855315,0.51129,0.840325,0.50641,0.673075,0.52797,0.84525,0.521965,0.840505,0.52529,0.835115,0.52846,0.817015,0.47669,0.822515,0.53428,0.815385,0.536905,0.920165,0.590325,0.799675,0.54152,0.69114,0.5338,0.78233,0.54523,0.77316,0.54673,0
1,0,0.96829,0.675535,0.87627,0.8282,0.727855,0.94288,0.576615,0.97888,0.391125,0.981505,0.217325,0.916985,0.106245,0.790225,0.03448,0.6301,0.031795,0.46791,0.06486,0.295255,0.174605,0.16268,0.316005,0.075245,0.47711,0.043895,0.63665,0.07119,0.774135,0.151935,0.87414,0.279135,0
1,0,0.809285,0.55425,0.85347,0.465325,0.85179,0.50839,0.871365,0.50112,0.855145,0.57886,0.85794,0.49888,0.89877,0.533,0.918345,0.417225,0.8434,0.4547,0.81264,0.49329,0.80481,0.558725,0.856265,0.45246,0.849225,0.491635,0.816555,0.52405,0.894295,0.474275,0.826065,0.47651,0
1,0,1,0.505525,1,0.505525,1,0.5116,0.99724,0.49282,0.99724,0.498895,0.991715,0.5116,1,0.50442,0.987845,0.503865,0.989505,0.508285,0.990055,0.503315,0.99061,0.510495,0.985635,0.496685,0.990165,0.508,0.989505,0.507735,0.99282,0.510495,0.99337,0.51381,0
1,0,1,1,1,0,1,0,1,1,1,1,1,1,1,0,1,1,1,1,1,1,1,1,1,1,1,0.75,0.5,0.5,1,0,1,0,1
1,0,1,0.472355,1,0,0.75,0.444445,0.680555,0.38889,1,0.37144,0.583335,0.444445,1,0.3267,1,0.305735,1,0.28569,0.5,0.375,1,0.248335,1,0.36111,1,0.21454,1,0.36111,1,0.18422,1,0.170325,1
1,0,0.5,0.5,0.5,0.5,1,1,0,0,0.5,0.5,1,0.444445,0.5,0.5,0.5,0.5,0,1,1,1,1,0,0.5,0.5,1,0,0.5,0.5,0.5,0.5,1,1,1
1,0,0.971665,0.69287,0.741315,0.82267,0.60786,0.88757,0.220295,0.824495,0.131625,0.71024,0.119745,0.5,0.18647,0.344605,0.308045,0.189215,0.436015,0.153565,0.749545,0.1819,0.857405,0.3117,0.869285,0.47258,0.80049,0.65192,0.727605,0.80256,0.51371,0.772395,0.39214,0.752285,0
1,0,0.95304,0.491715,0.99061,0.490055,0.978455,0.48177,0.92873,0.50055,0.94862,0.483425,0.945305,0.49282,0.95304,0.47735,0.956905,0.49558,0.903865,0.43536,0.943645,0.506075,0.960775,0.4884,0.95525,0.489505,0.945735,0.4612,0.914915,0.41381,0.98011,0.481215,0.937015,0.418785,0
1,0,1,0.41842,1,0.449155,0.999995,0.424015,1,0.403615,0.970275,0.324245,0.978675,0.351075,0.968595,0.32794,0.97243,0.35947,0.950685,0.283085,0.930215,0.26346,0.914935,0.2439,0.9204,0.264315,0.88112,0.20815,0.828615,0.15603,0.84357,0.177315,0.823635,0.16387,0
1,0,0.633335,0.45,0.766665,0.5,0.666665,0.433335,0.683335,0.558335,0.783335,0.508335,0.858335,0.541665,0.85,0.466665,0.766665,0.6,0.708335,0.491665,0.658335,0.6,0.85,0.5,0.625,0.566665,0.73107,0.527195,0.7,0.516665,0.733335,0.516665,0.708335,0.475,0
1,0,0.97245,0.253445,1,0.48154,0.99449,0.06474,0.950415,0.83471,1,0.44948,1,0.437535,1,0.424915,1,0.411595,1,0.397545,1,0.38274,1,0.367145,1,0.35074,1,0.33348,1,0.315345,1,0.2963,1,0.276305,0
1,0,0.695895,0.468285,0.98732,0.52164,1,1,0.679105,0.576495,0.77239,0.5653,0.807835,0.08955,0.78918,0.83955,0.833955,0.44776,0.73321,0.442165,0.82787,0.57396,0.916045,0.72761,0.735075,0.58209,0.746545,0.57315,0.662315,0.48694,0.69559,0.567605,0.672055,0.563775,1
1,0,0.663945,0.55521,0.57985,0.64654,0.5701,0.872425,0.374345,0.959965,0.417485,0.63332,0.18143,0.624325,0.01175,0.498315,0.383865,0.400455,0.34739,0.25557,0.42787,0.050045,0.546725,0.35542,0.641535,0.4072,0.697995,0.44251,0.655025,0.52807,0.607215,0.6027,0.56688,0.63211,0
1,0,0.935555,0.52163,0.89973,0.591485,0.995045,0.64646,0.947275,0.458315,0.94299,0.48986,0.95223,0.36638,0.94705,0.59982,0.94322,0.47679,0.92226,0.495045,0.98941,0.32988,0.89477,0.374495,0.933305,0.454035,0.929835,0.48546,0.89387,0.479495,0.879675,0.60906,0.94119,0.545965,0
1,0,1,0.525745,0.996815,0.550615,0.98071,0.57378,0.977565,0.36752,0.83013,0.773505,0.90213,0.626415,0.868905,0.6369,0.833875,0.64357,0.798075,0.64652,0.76247,0.646,0.72791,0.64238,0.695115,0.63613,0.66465,0.627765,0.636905,0.61784,0.612135,0.60689,0.59043,0.595415,0
1,0,1,0.292715,1,0.880655,0.9353,0.592965,1,0.450375,0.96922,0.73995,0.82726,0.4196,1,0.504395,0.988065,0.24937,0.900125,0.377515,0.940325,0.404525,1,0.43844,0.967965,0.55339,0.96445,0.463755,1,0.363065,0.71985,0.599245,0.75691,0.47299,0
1,0,0.52933,0.49581,0.53352,0.50419,0.5,0.494415,0.502795,0.480445,0.50838,0.46229,0.497205,0.526535,0.532125,0.48324,0.5,0.547485,0.467875,0.53771,0.476255,0.51257,0.513965,0.497205,0.50419,0.502795,0.551675,0.49581,0.515365,0.498605,0.522345,0.5,0.523745,0.48324,1
1,0,0.813725,0.460785,0.862745,0.5,0.80392,0.460785,0.813725,0.441175,0.843135,0.441175,0.833335,0.431375,0.82353,0.45098,0.77451,0.441175,0.77451,0.392155,0.79412,0.40196,0.833335,0.382355,0.72549,0.37255,0.762045,0.37666,0.784315,0.343135,0.715685,0.392155,0.735295,0.362745,1
1,0,0.91754,0.54149,0.868695,0.42647,0.921745,0.472165,0.952205,0.47689,0.946955,0.56565,0.905985,0.533615,0.896535,0.455355,1,0.489495,0.983195,0.53309,0.938025,0.505775,0.887605,0.53309,0.97689,0.47899,0.917395,0.500615,1,0.564075,0.9333,0.44643,0.95273,0.478465,0
1,0,0.5,0.5,0.994595,0.386485,0.594595,0.472975,0.5,0.5,0.966215,0.536485,1,0.4,1,0.535135,1,0.443245,0.5,0.5,1,0.394595,1,0.29189,0.5,0.5,1,0.41216,0.5,0.5,1,0.37027,0.644595,0.42162,1
1,0,1,0.48135,1,0.463085,0.998005,0.444805,0.99919,0.450345,0.994705,0.43093,0.98337,0.391525,0.97644,0.374505,0.95618,0.328,0.952905,0.33924,0.949955,0.326545,0.93937,0.311785,0.931065,0.28505,0.91586,0.28439,0.907165,0.287035,0.889595,0.260115,0.875575,0.24924,0
1,0,0.607145,0.45238,0.666665,0.535715,0.59524,0.59524,0.61905,0.54762,0.70238,0.511905,0.65476,0.47619,0.65476,0.47619,0.642855,0.440475,0.666665,0.52381,0.65476,0.5,0.607145,0.440475,0.67857,0.47619,0.610545,0.48855,0.59524,0.5,0.584985,0.48983,0.57347,0.490615,0
1,0,0.5,0.5,0.5,0.5,0.5,0.5,0.5,0.5,0.810975,1,0.5,0.5,0.5,0.5,0.682925,0.140245,0.78049,0,0.5,0.5,0.5,0.5,0.5,0.5,1,0.55488,0.5,0.5,0.5,0.5,0.5,0.5,1
1,0,1,1,1,0.75625,0.8125,0,1,1,0.5125,0.515625,1,1,0.5,0.5,1,0,1,1,1,1,0.65625,1,1,1,1,1,1,1,0.028125,1,0.5,0.5,1
1,0,1,0.62084,1,0.74295,1,0.864865,1,1,1,1,1,1,1,0.88564,1,1,1,1,0.87234,1,0.948235,1,0.82314,1,0.691275,1,0.554095,1,0.41315,1,0.093085,1,0
1,0,0.17857,0,1,0.914285,1,0,1,0.383035,1,0.980805,1,0.311605,1,0,1,0.569195,1,0,1,0.483035,0.07857,1,0.76875,0.92857,1,1,1,0,1,0,1,0,1
0,0,1,0,0.5,0.5,0.5,0.5,1,1,1,0,0.140625,1,0.5,0.5,0,1,1,1,0,1,1,0.78125,0,1,1,1,1,0,1,1,1,1,1
1,0,0.950355,0.508865,1,0.491135,0.950355,0.503545,0.92376,0.52837,1,0.51773,0.98936,0.50532,0.98759,0.51773,1,0.484045,0.94858,0.484045,0.93085,0.539005,1,0.5461,0.950355,0.52305,0.971525,0.516235,0.973405,0.51241,1,0.50532,0.968085,0.51064,0
1,0,0.92355,0.567665,0.86819,0.469245,0.939365,0.5413,0.94464,0.454305,0.893675,0.53339,0.90334,0.498245,0.89631,0.49473,0.92882,0.477155,0.93585,0.482425,0.90861,0.45255,0.85501,0.52197,0.932335,0.42443,0.905735,0.47589,0.891035,0.496485,0.878735,0.46661,0.92882,0.469245,0
1,0,0.956205,0.521735,0.970955,0.5114,0.973525,0.526725,0.96791,0.506605,0.959555,0.53174,0.96383,0.560335,0.96024,0.531055,0.944495,0.56361,0.91872,0.572195,0.904915,0.559245,0.885205,0.57111,0.878775,0.556495,0.86775,0.56641,0.831935,0.5765,0.854625,0.55377,0.82629,0.557235,0
1,0,0.5273,0.507185,0.48707,0.52299,0.507185,0.52299,0.461205,0.50431,0.50862,0.466955,0.48132,0.52155,0.458335,0.47701,0.452585,0.54023,0.479885,0.52586,0.510055,0.511495,0.48132,0.494255,0.515805,0.49569,0.50431,0.50862,0.51293,0.505745,0.51293,0.505745,0.47701,0.497125,1
1,0,0.925065,0.509045,0.961055,0.50728,0.96023,0.5109,0.963825,0.54005,0.937985,0.55685,0.955805,0.5216,0.95369,0.52509,0.936695,0.51421,0.97933,0.5,0.945485,0.535235,0.94215,0.538485,0.918605,0.554265,0.934615,0.54475,0.937985,0.54393,0.92599,0.55067,0.92129,0.55349,0
1,0,0.971655,0.599795,0.98066,0.704015,0.90257,0.782845,0.783435,0.85415,0.70918,0.91615,0.574695,0.947445,0.525835,0.96841,0.37629,0.919695,0.285945,0.87777,0.248745,0.812815,0.172425,0.75214,0.155745,0.65456,0.114515,0.578095,0.12297,0.478005,0.124005,0.410395,0.16534,0.328165,0
1,0,0.59295,0.416665,0.5,0.5,0.5,0.5,0.5,0.5,0.5,0.5,0.55769,0.404645,0.5,0.5,0.5,0.5,0.5,0.5,0.5,0.5,0.47436,0.467145,0.539265,0.54487,0.58654,0.445515,0.5625,0.548075,0.51282,0.47596,0.584135,0.597755,1
0,0,0.5,0.5,0.5,0.5,0.5,0.5,0.5,0.5,0.5,0.5,0.5,0.5,0.5,0.5,0.5,0.5,0.5,0.5,0.5,0.5,0.5,0.5,0.5,0.5,1,0.5,0.5,0.5,0.5,0.5,0.5,0.5,1
1,0,1,0.545455,0.977275,0.454545,0.886365,0.5,1,0.5,0.977275,0.5,1,0.522725,0.954545,0.477275,1,0.5,1,0.5,0.93182,0.545455,0.886365,0.545455,0.954545,0.522725,0.957705,0.514485,0.977275,0.545455,0.93182,0.454545,0.93182,0.522725,0
1,0,0.895785,0.584255,0.5,0.5,0.782705,0.53437,0.69734,1,0.691795,0.997785,0.487805,0.766075,0.618625,0.5643,0.486695,0.97561,0.24501,0.92461,0.449,0.694015,0.28714,0.618625,0.04213,0.90355,0.32927,0.94124,0,0.847005,0,0.5643,0.5,0.5,1
1,0,0.968345,0.49905,0.803805,0.71602,0.96157,0.299355,0.965615,0.58414,0.980985,0.545305,0.99838,0.54086,0.95793,0.525485,0.92314,0.37338,0.936895,0.42759,0.924355,0.630665,0.875405,0.481795,0.922735,0.487055,0.936465,0.48849,0.99272,0.546925,0.891585,0.44903,0.929205,0.426375,0
0,0,1,1,1,0,1,1,0,1,0.5,0.5,1,1,0.5,0.5,0.5,0.5,0,1,0,1,1,1,1,0,1,1,1,1,1,0,0,1,1
1,0,0.73684,0.44737,0.918905,0.50878,0.915775,0.513075,0.842105,0.473685,0.842105,0.5,0.89928,0.52514,0.891575,0.52878,0.921055,0.73684,1,0.526315,0.86275,0.538155,0.851505,0.540705,0.710525,0.605265,0.827095,0.54484,0.76316,0.394735,0.80075,0.54767,0.78709,0.548595,0
1,0,0.96435,0.66582,0.88084,0.811745,0.746525,0.92133,0.60796,0.975965,0.43022,0.980835,0.26399,0.91795,0.146265,0.82745,0.06263,0.68375,0.04093,0.527975,0.05088,0.369135,0.130155,0.229655,0.246215,0.126325,0.388385,0.06939,0.53905,0.064205,0.680105,0.109715,0.797035,0.19865,0
1,0,1,0.548855,1,0.560985,1,0.61287,0.99301,0.546185,0.97465,0.596055,0.96496,0.62144,0.946205,0.641715,0.927645,0.633605,0.91828,0.665645,0.916965,0.65849,0.874145,0.697985,0.880965,0.67329,0.84226,0.71373,0.81382,0.730155,0.783955,0.735165,0.77126,0.754515,0
1,0,0.66417,0.5126,0.57618,0.60639,0.574595,0.870015,0.37147,0.96162,0.44844,0.5969,0.19324,0.62893,0.029735,0.472955,0.434415,0.428355,0.348425,0.276925,0.442955,0.072015,0.51334,0.38607,0.63971,0.468525,0.668685,0.44062,0.638285,0.442955,0.57539,0.56648,0.560985,0.60234,0
1,0,0.916835,0.65728,0.827705,0.788355,0.67481,0.853385,0.586465,0.894735,0.40512,0.89943,0.291355,0.832705,0.157895,0.73872,0.126375,0.59746,0.1391,0.475565,0.18985,0.359025,0.254175,0.232685,0.367115,0.16993,0.49235,0.15147,0.61354,0.17786,0.7155,0.24397,0.82331,0.349625,0
1,0,0.99091,0.5,0.943135,0.515655,0.931245,0.52286,0.9,0.5,0.845455,0.522725,0.896715,0.54218,0.88559,0.547895,0.813635,0.627275,0.84091,0.563635,0.85337,0.56304,0.84302,0.567465,0.872725,0.613635,0.822905,0.57544,0.836365,0.513635,0.803575,0.582325,0.7942,0.585385,0
1,0,0.961385,0.53902,0.963395,0.581255,0.94851,0.62309,0.920555,0.675985,0.894005,0.71098,0.85358,0.734915,0.85398,0.78238,0.802295,0.821,0.756235,0.82462,0.699515,0.834875,0.67116,0.841715,0.618465,0.88073,0.593825,0.869425,0.54847,0.85519,0.513675,0.88536,0.479885,0.847545,0
1,0,1,0.580975,1,0.47221,1,0.506865,1,0.43824,1,0.492445,1,0.491345,1,0.46813,1,0.464215,1,0.5295,1,0.44946,1,0.486575,1,0.38511,1,0.465885,1,0.541495,1,0.42903,1,0.462805,0
0,0,0.5,0.5,0.5,0.5,0.5,0.5,0.5,0.5,0.5,0.5,0,0,0.5,0.5,1,0.875,0.5,0.5,0.5,0.5,0,1,0.5,0.5,1,0,0,0,1,1,0.5,0.5,1
1,0,0.856265,0.487025,0.706435,0.384665,0.990095,0.452635,0.998545,0.44882,1,0.445245,0.794825,1,0.91863,0,0.91135,0.410685,0.9038,0.358715,0.37043,0.96365,0.759665,0.52728,0.827465,0.39804,0.96562,0.293465,0.819055,0.390495,0.93068,0.06323,0.38407,0,1
0,0,0.5,0.5,1,1,1,1,0.5,0.5,0.5,0.5,0,0,0.5,0.5,0,0,0.5,0.5,0.5,0.5,1,1,0.5,0.5,1,1,0.5,0.5,0,1,0.5,0.5,1
1,0,0.541665,0.396575,0,1,0,1,0.859375,0.735865,0.089285,0.186385,0,0,0,1,0.486235,0.79576,0.289435,0.289435,0.12686,0,0,0.265995,0,0.61905,1,0,0,0.30543,0,0,0,0.80729,1
1,0,0.5,0.5,0.5,0.5,0.5,0.5,0,1,0.5,0.5,1,0.686665,0.44,0.44,0.5,0.5,0,0,0.5,0.5,1,0,0.5,0.5,1,0.613335,0.5,0.5,0.5,0.5,0.5,0.5,1
1,0,0.5,0.5,0.5,0.5,0.5,0.5,0.5,0.5,1,0.333335,0.583335,0.63021,0.5,0.5,0.5,0.5,0.5,0.5,0.40104,0.390625,0.416665,0.953125,0,0.75,0.520835,0.875,0.385415,0,0.4375,0.364585,0.40104,0.03125,1
1,0,0.87426,0.485945,0.8284,0.47411,0.903105,0.514055,0.929735,0.512575,0.81731,0.54364,0.85799,0.5392,0.865385,0.52589,0.89275,0.360945,0.82988,0.492605,0.89349,0.534765,0.673075,0.406805,0.826925,0.514055,0.805045,0.466815,0.76775,0.39423,0.79512,0.429735,0.781805,0.514795,0
1,0,1,0,1,1,1,1,1,0.25,1,1,1,1,1,1,0.5,0.5,1,1,1,1,1,0,1,1,1,0.8125,1,0.125,0.125,1,1,1,1
1,0,0.89689,0.64746,0.82032,0.76156,0.706595,0.84079,0.570885,0.91774,0.415845,0.89386,0.285445,0.86164,0.214175,0.707355,0.12282,0.583775,0.150115,0.45072,0.211525,0.382485,0.296815,0.308565,0.412815,0.2373,0.507615,0.256465,0.59515,0.309705,0.65504,0.384005,0.67286,0.45982,0
1,0,0.97852,0.439525,0.81659,0.43655,0.981825,0.40879,0.98513,0.5423,0.960015,0.49438,0.917715,0.376405,1,0.343025,0.996365,0.39392,0.99339,0.39491,1,0.364175,0.96563,0.30271,1,0.403835,0.943965,0.342175,0.90714,0.38136,0.945475,0.340715,0.847655,0.292135,0
1,0,0.811675,0.48255,0.795425,0.502405,0.802045,0.462695,0.815885,0.504815,0.812275,0.462695,0.83514,0.5361,0.81468,0.45788,0.837545,0.54573,0.83574,0.5,0.794825,0.55054,0.7503,0.515645,0.829725,0.570395,0.802315,0.510095,0.75692,0.52226,0.808665,0.495185,0.80686,0.45427,0
1,0,1,0.31081,0.824325,0.64865,0.824325,0.37838,0.93243,0.594595,1,0.364865,0.756755,0.5,0.81081,0.472975,0.66216,0.39189,0.859165,0.41167,0.81081,0.527025,0.87838,0.56757,0.675675,0.35135,0.805155,0.389185,0.79239,0.384865,0.864865,0.202705,0.756755,0.37838,0
1,0,0.998225,0.53234,1,0.49382,0.989055,0.51249,0.98056,0.51156,0.99637,0.53904,0.946615,0.55173,0.97106,0.526345,0.944045,0.5556,0.93052,0.543155,0.908165,0.55915,0.91834,0.57221,0.906645,0.56706,0.89738,0.56819,0.89555,0.576895,0.88561,0.57965,0.854705,0.560075,0
1,0,1,0.494105,1,0.498285,1,0.492175,1,0.492175,1,0.485955,1,0.489065,0.99914,0.484565,0.99764,0.48381,0.99657,0.48274,1,0.480595,1,0.474805,1,0.475345,0.99921,0.472365,0.997,0.46848,0.995285,0.467515,0.994855,0.46666,0
1,0,0.995125,0.471075,0.998965,0.434955,0.993315,0.40285,0.99687,0.370785,0.96369,0.34935,0.963255,0.310175,0.94906,0.28102,0.92461,0.23968,0.937165,0.214625,0.89508,0.200805,0.873625,0.176925,0.84141,0.157605,0.826235,0.13413,0.80505,0.123235,0.77376,0.09861,0.745975,0.083775,0
1,0,0.65517,0.448275,0.62069,0.448275,0.60345,0.465515,0.537025,0.472845,0.518245,0.481555,0.508535,0.488085,0.503705,0.49259,0.501405,0.495535,0.50039,0.497385,0.499985,0.498505,0.49986,0.49917,0.499845,0.49955,0.499875,0.49976,0.49991,0.49988,0.49994,0.49994,0.49996,0.49997,0
1,0,0.863635,0.475,0.946205,0.51731,1,0.863635,0.83182,0.470455,0.74091,0.41591,0.909045,0.547795,0.78409,1,0.752275,0.60909,0.83409,0.55,1,0.35,0.99318,0,0.786365,0.663635,0.78491,0.573365,0.711365,0.54091,0.744635,0.573215,1,1,1
1,0,0.958835,0.59099,0.93045,0.677715,0.864365,0.728735,0.802125,0.849325,0.75188,0.87461,0.6805,0.908975,0.57832,0.91779,0.50198,0.92605,0.41805,0.889265,0.32002,0.880965,0.284565,0.826925,0.2343,0.76943,0.19836,0.70486,0.177445,0.63669,0.17145,0.568335,0.17972,0.52697,0
1,0,0,0.640525,0.61111,0.575165,0.121535,0.14508,0.346405,0.85621,0,1,0.091505,0.669935,0.104575,0.48693,0.009805,0.084965,0.199345,0.22876,0.477125,0.084965,0.97059,0.02941,0,0.284315,0.871925,0.54588,0,0.526145,0.591505,0.51307,0.298995,0.258795,1
1,0,0.96218,0.68462,0.85988,0.8421,0.646515,0.97039,0.44446,0.882635,0.341975,0.962265,0.16692,0.89383,0.039275,0.71157,0.028425,0.547925,0,0.515955,0.167845,0.16861,0.26995,0.10913,0.43257,0.05959,0.598825,0.074315,0.74452,0.148765,0.84943,0.26976,0.88033,0.43403,0
1,0,0.947525,0.48416,0.937625,0.527725,0.947525,0.50693,0.964355,0.51386,0.956435,0.49505,0.970295,0.49208,0.959405,0.51683,0.968315,0.5,0.971285,0.50693,0.952475,0.50396,0.943565,0.49109,0.946535,0.51188,0.94501,0.508055,0.940595,0.50099,0.936635,0.52079,0.933665,0.51188,0
0,0,1,0,1,1,0,0,1,0,0.5,0.5,0.5,0.5,0,1,1,0,1,0,0.125,1,1,0,1,0,1,0,0,0,0.5,0.5,1,0,1
1,0,0.645365,0.550125,0.61654,0.586465,0.518795,0.67168,0.56015,0.63158,0.53133,0.606515,0.476375,0.563835,0.468335,0.539535,0.46836,0.520485,0.472845,0.50704,0.47917,0.4986,0.48562,0.49412,0.491225,0.492475,0.49557,0.492625,0.4986,0.49375,0.50048,0.49526,0.50145,0.496765,0
1,0,0.924215,0.53397,0.90281,0.488505,0.885155,0.483505,0.833625,0.4669,0.79791,0.46167,0.8363,0.471145,0.8213,0.46781,0.695995,0.52265,0.85627,0.50697,0.77985,0.459805,0.76715,0.457735,0.73519,0.38589,0.743295,0.45436,0.763065,0.457315,0.721385,0.451895,0.711115,0.45096,0
1,0,0.511685,0.49704,0.45038,0.440255,0.496185,0.44088,0.57353,0.533185,0.51893,0.46849,0.5,0.5,0.47714,0.4223,0.498285,0.44902,0.442125,0.47293,0.50919,0.518345,0.507595,0.50444,0.517565,0.492325,0.4838,0.546115,0.460705,0.50366,0.5,0.5,0.499805,0.560055,1
1,0,0.933445,0.67975,0.86007,0.833335,0.686005,0.915245,0.54323,0.929465,0.37941,0.930605,0.241185,0.837885,0.15643,0.70762,0.114905,0.54949,0.153015,0.43174,0.25256,0.288965,0.337315,0.211605,0.48578,0.20023,0.5768,0.234365,0.661545,0.31456,0.730945,0.401595,0.70478,0.5091,0
1,0,0.883135,0.60553,0.819675,0.69056,0.742045,0.7625,0.575,0.611365,0.568765,0.797825,0.461365,0.722725,0.5,0.74318,0.362545,0.71007,0.21932,0.68409,0.317045,0.59432,0.297335,0.53794,0.307585,0.483855,0.33029,0.43757,0.3623,0.40143,0.40019,0.37676,0.44053,0.36391,0
1,0,0.68438,0,0,0,0.461695,1,1,0.975205,0.872985,0.30645,0,0.103435,0.451615,1,0.74342,0.73251,0.658775,0.362695,0.428285,0.39906,0.44012,0.534475,0.515105,0.533195,0.517215,0.49407,0.497985,0.49164,0.496195,0.50054,0.500075,0.501625,1
1,0,0.509875,0.503525,0.52045,0.49577,0.51058,0.50564,0.50564,0.52186,0.50141,0.500705,0.509875,0.484485,0.490125,0.530325,0.47955,0.5134,0.48801,0.497885,0.52186,0.487305,0.50917,0.5,0.5,0.493655,0.50917,0.49436,0.50282,0.492245,0.491535,0.48801,0.503525,0.5,1
1,0,0.799435,0.573445,0.84934,0.43032,0.92561,0.43032,0.904895,0.51224,0.752355,0.514125,0.8371,0.4774,0.903955,0.43126,0.75706,0.37759,0.90772,0.428435,0.851225,0.498115,0.666665,0.531075,0.780605,0.334275,0.80722,0.415815,0.763655,0.48964,0.769305,0.34369,0.8371,0.38983,0
1,0,0.972655,0.48242,0,0.333985,0,0.492185,0.98633,0.50586,0.966795,0.490235,0,0.58203,0,0.498045,0.976565,0.48242,0.96094,0.48633,0.003905,0.558595,0.033205,0.67383,0.978515,0.498045,0.910205,0.56879,0.95117,0.466795,0,0.40625,0,0.328125,1
1,0,0.984665,0.50438,1,0.504215,0.99329,0.496185,0.98934,0.48578,0.9991,0.48245,1,0.493645,1,0.487095,1,0.494125,0.992425,0.500125,1,0.48694,1,0.47628,0.980095,0.477365,0.99594,0.482635,0.9851,0.48761,1,0.480725,0.9921,0.47944,0
1,0,0.80339,0.48644,0.835595,0.52034,0.764405,0.477965,0.75254,0.518645,0.85254,0.461015,0.78983,0.48983,0.7661,0.538985,0.82034,0.55932,0.784745,0.488135,0.7661,0.50339,0.857625,0.48305,0.764405,0.48305,0.78631,0.50375,0.79322,0.498305,0.794915,0.48644,0.750845,0.5339,0
1,0,1,0.379745,1,0.398735,0.93671,0.449365,0.94304,0.50633,1,0.55696,0.962025,0.531645,0.92405,0.481015,0.816455,0.316455,0.93671,0.49367,0.968355,0.531645,1,0.62658,0.810125,0.310125,0.923185,0.4723,1,0.468355,0.765825,0.51266,0.91772,0.48734,0
1,0,0.950735,0.70893,0.820655,0.878625,0.6522,0.97574,0.397755,0.98267,0.222585,0.905955,0.090715,0.754745,0.01507,0.551725,0.04272,0.34294,0.149185,0.172695,0.33823,0.055005,0.529325,0.02914,0.722415,0.08923,0.870525,0.223845,0.947075,0.406375,0.939465,0.601795,0.852775,0.77426,0
1,0,0.59733,0.528625,0.52099,0.625955,0.447215,0.74433,0.408395,0.408395,0.290075,0.530535,0.2729,0.5458,0.41794,0.34733,0.448475,0.301525,0.59351,0.412215,0.67006,0.440235,0.64313,0.419845,0.608225,0.62346,0.519565,0.65546,0.480915,0.63168,0.41603,0.58397,0.349235,0.33206,0
1,0,0,0,0.24653,1,1,0,1,0.769095,0.5,0.5,0.61979,0,1,1,0.5,0.5,1,1,1,1,0.5,0.5,0.14236,1,0.666665,0,1,0,0.84896,0,0.737845,1,1
1,0,1,0.584005,0.99676,0.58167,0.97308,0.666735,0.958795,0.61305,0.95704,0.685535,0.92125,0.734495,0.905055,0.746125,0.892365,0.741555,0.825455,0.784885,0.782765,0.790355,0.77793,0.8236,0.741555,0.77618,0.716585,0.845645,0.67842,0.880735,0.669605,0.83422,0.610505,0.893425,0
1,0,1,0.77451,0.813725,1,0.509805,1,0.2549,0.960785,0.088235,0.79412,0,0.558825,0.01961,0.333335,0.17647,0.156865,0.382355,0.068625,0.67647,0,0.87255,0.137255,0.960785,0.392155,0.96437,0.60938,0.862745,0.784315,0.617645,0.95098,0.441175,0.95098,0
1,0,0.88023,0.50546,0.931675,0.50129,0.929105,0.50192,0.89994,0.51152,0.90752,0.56034,0.91548,0.50372,0.909075,0.50427,0.913885,0.46513,0.882655,0.519405,0.884895,0.50574,0.875355,0.50616,0.88569,0.498485,0.85443,0.506875,0.830805,0.504245,0.83149,0.50742,0.819435,0.507625,0
1,0,0.95588,0.45588,0.985295,0.588235,0.911765,0.54412,0.95588,0.485295,0.985295,0.411765,0.985295,0.57353,0.97059,0.514705,1,0.5,1,0.5,0.882355,0.558825,0.941175,0.514705,0.92647,0.514705,0.963315,0.513,0.97059,0.441175,0.985295,0.52941,0.95588,0.52941,0
1,0,1,1,0,1,0,0.08772,0.673245,0.605265,0.730265,0.53509,0.614035,0.52851,0.67544,0.673245,0.864035,0.480265,0.614035,0.76535,0.5,0.5,0.350875,0.41886,1,0.166665,1,0,1,0.377195,0.67544,0.600875,0.914475,0.539475,1
0,0,1,0,1,0,1,0,1,0,1,1,1,1,1,0,1,1,1,1,1,1,1,0,1,0,1,0,1,0.828125,0.5,0.5,1,0,1
1,0,0.940895,0.717455,0.797865,0.888275,0.59836,0.972685,0.379485,0.96272,0.18737,0.856285,0.067785,0.66826,0.03808,0.47331,0.11322,0.276465,0.26525,0.133575,0.448815,0.088915,0.63192,0.11215,0.77992,0.22045,0.860735,0.377835,0.86239,0.547995,0.790685,0.694575,0.673745,0.78828,0
1,0,0.829225,0.718085,0.723405,0.87402,0.526595,0.92553,0.339865,0.910695,0.158735,0.76204,0.078945,0.535555,0.085945,0.356385,0.26484,0.141375,0.476205,0.06999,0.61646,0.11842,0.783315,0.23936,0.8715,0.406775,0.87379,0.618565,0.725925,0.795355,0.602745,0.88382,0.407335,0.87178,0
1,0,1,0.517645,1,0.591405,1,0.63484,1,0.62534,1,0.64389,1,0.693215,1,0.65837,1,0.828505,1,0.76923,1,0.806335,1,0.797285,0.947965,0.84163,0.94751,0.85687,0.928055,0.835745,0.871945,0.928055,0.857465,0.879185,0
1,0,1,0.487995,0.9707,0.532655,0.96053,0.383725,0.88576,0.418005,0.76399,0.398625,0.782045,0.49644,0.671975,0.362715,0.7647,0.3911,0.725535,0.410935,0.52991,0.322125,0.511545,0.235605,0.51643,0.17421,0.56645,0.23397,0.512155,0.189015,0.471465,0.202135,0.47696,0.171515,0
0,0,0,1,1,0,0,1,0.5,0.5,1,1,0,0.40625,1,1,0,0,1,0,0,0,1,1,1,0,1,1,1,1,0.5,0.5,0,0,1
1,0,0.93524,0.690135,0.820495,0.84606,0.656735,0.933125,0.480335,0.9537,0.289135,0.89673,0.147195,0.7578,0.094755,0.613675,0.09432,0.437305,0.16263,0.30949,0.30833,0.185695,0.434935,0.14619,0.57776,0.167895,0.69272,0.24216,0.762865,0.350515,0.781195,0.47031,0.7573,0.583225,0
1,0,0.7992,0.70166,0.914045,0.902605,0.880005,0.853545,0.92005,0.44508,0.986555,0.539905,0.97912,0.071365,0.95981,0.94222,0.97726,0.47397,0.943365,0.590675,0.99242,0.15203,0.93335,0.071225,0.64302,0.349685,1,0.58538,0.81479,0.713385,0.938785,0.905035,0.909895,0.84411,1
1,0,1,0.420505,0.86157,0.63843,0.917215,0.20806,1,0.358965,1,0.250685,0.89981,0.437365,0.884185,0.57319,1,0.696685,1,0.63295,0.98177,0.490545,0.962995,0.04331,1,0.574015,1,0.44209,1,0.444355,1,0.76686,1,0.21121,0
1,0,0.837735,0.52264,0.884905,0.44717,0.88679,0.51887,0.83019,0.47736,0.82264,0.50566,0.83396,0.43019,0.860375,0.48868,0.884905,0.543395,0.809435,0.460375,0.879245,0.38113,0.86981,0.426415,0.92453,0.42453,0.86943,0.470995,0.83396,0.51132,0.932075,0.51887,0.86604,0.503775,0
1,0,0.70966,0.56241,0.675,0.5625,0.61591,0.639775,0.48182,0.72159,0.522585,0.68097,0.404545,0.66818,0.43325,0.63661,0.513635,0.702275,0.326135,0.563635,0.39986,0.52539,0.40682,0.68182,0.429985,0.47599,0.450145,0.46443,0,0,0.48542,0.46268,0.49737,0.46843,1
0,0,0.5,0.5,0.5,0.5,0.5,0.5,0.5,0.5,0.5,0.5,0.5,0.5,0.5,0.5,0.5,0.5,0.5,0.5,0.5,0.5,0.5,0.5,0.5,0.5,1,1,0.5,0.5,0.5,0.5,0.5,0.5,1
1,0,0.872245,0.48805,0.85386,0.516545,0.861215,0.58456,0.89614,0.538605,0.90717,0.71967,0.818935,0.502755,0.85386,0.608455,1,0.53033,0.805145,0.525735,0.837315,0.52114,0.76011,0.375,0.86489,0.420955,0.808635,0.53562,0.65441,0.5432,0.77958,0.53729,0.80147,0.608455,0
1,0,1,1,0.5,0.5,0.5,0.5,0.5,0.5,0.73872,0.05451,0.24248,0.727445,0.022555,0.642855,0.82331,1,0.5,0.5,0.5,0.5,0.81015,0.601505,0,0,1,0,1,1,0.5,0.5,0.5,0.5,1
1,0,0.93789,0.518635,0.949755,0.501715,0.94605,0.50255,0.931675,0.5,0.975155,0.537265,0.935105,0.50497,0.931515,0.505755,0.919255,0.468945,0.92857,0.51242,0.92091,0.508015,0.91743,0.508745,0.897515,0.47826,0.910555,0.510165,0.90994,0.54348,0.903785,0.51154,0.90044,0.512205,0
1,0,0.95466,0.543955,0.93264,0.58444,1,0.58299,0.775935,0.84077,0.851035,0.683595,0.58143,0.713695,0.7881,0.73043,0.755335,0.74809,0.658195,0.564835,0.68912,0.77231,0.65637,0.77913,0.62428,0.782635,0.59313,0.783025,0.563175,0.780505,0.534635,0.775305,0.560685,0.838695,0
1,0,1,0,0.5,0.5,0.889705,0.003675,0.90441,0.775735,0.29044,0.025735,0.5,0.5,0.5,0.5,0.860295,0.11397,0.867645,0.19853,0.5,0.5,0.59191,0,0,0,0,0,1,0,1,0,0.5,0.5,1
1,0,0.949175,0.675785,0.836665,0.811165,0.71949,0.971765,0.481785,0.90255,0.38581,0.87667,0.374315,0.74408,0.213115,0.642075,0.16625,0.552955,0.263205,0.469035,0.09472,0.469945,0.334015,0.26204,0.435515,0.2319,0.53579,0.240375,0.621605,0.28261,0.68293,0.349715,0.714025,0.566485,0
1,0,0.998505,0.608385,0.95983,0.73515,0.88451,0.812075,0.76656,0.8906,0.68387,0.941455,0.550535,0.91656,0.465865,0.94637,0.358655,0.860365,0.281465,0.80844,0.221155,0.7406,0.175,0.67767,0.17671,0.57954,0.166745,0.511385,0.17564,0.43269,0.226925,0.385255,0.263995,0.32484,0
0,0,0,0,0.5,0.5,0.5,0.5,0.5,0.5,0.5,0.5,0.5,0.5,1,0,0.5,0.5,0,0,0.5,0.5,1,1,1,0,1,0,0.5,0.5,0.5,0.5,0.5,0.5,1
1,0,0.934445,0.464445,1,0.48753,1,0.465555,0.93889,0.50111,0.91778,0.46778,1,0.463565,1,0.4,0.934445,0.526665,0.94,0.48111,1,0.44237,1,0.406665,0.92222,0.51778,1,0.42919,0.91111,0.426665,1,0.421955,1,0.27889,0
1,0,1,0.066495,1,0.6114,0.92746,0.30052,1,0.43955,1,0.675735,1,0.53886,1,0.426165,1,0,1,0,0.809155,0.579015,1,0.811745,1,0.41494,1,0.67962,1,0.16753,1,0.94214,1,0.40587,1
1,0,1,0.757575,0.727275,0.666665,0.530305,0.68182,0.33948,0.86531,0.272725,0.742425,0.21212,0.5,0.21212,0.439395,0.333335,0.257575,0.454545,0.07576,0.742425,0.21212,0.78788,0.28788,1,0.30303,0.864805,0.561655,0.98485,0.78788,0.62121,0.68182,0.545455,0.666665,0
1,0,0.81908,1,0.604165,0,1,1,0.938595,0.654605,0.16557,1,0.470395,0.79386,0.50877,0.52522,0.242325,0,0.57127,0.483555,0.663375,0.2807,0,1,0.904605,0,1,0.4693,1,1,0.60307,0,1,1,1
1,0,0.366665,0.7,0.363485,0.560795,0.41111,0.47778,0.53096,0.465605,0.522305,0.512875,0.495575,0.51363,0.49207,0.49917,0.499535,0.495585,0.50235,0.499235,0.50069,0.50119,0.49943,0.50051,0.499655,0.49975,0.500095,0.499785,0.50013,0.500025,0.5,0.500075,0.49996,0.50001,1
0,0,1,0,1,1,1,0,1,1,1,0,1,1,1,0,1,0,1,1,1,1,1,0,1,0,1,0,1,1,1,0,1,1,1
1,0,0.69643,0.761905,0.10588,0.55671,0.41686,0.11811,0.833335,0.50595,0.910715,0.70238,0.16385,0.653645,0.326015,0.18166,0.732145,0.57738,0.77381,0.52976,0.24085,0.724805,0.261745,0.26203,0.660715,0.85119,0.759855,0.69424,0.785715,0.69643,0.225545,0.350425,0.627205,0.220815,1
1,0,1,0.64023,1,0.512385,1,0.53882,1,0.521585,0.99381,0.66633,1,0.527445,1,0.52192,0.97875,0.37701,0.921855,0.45666,1,0.52075,0.999665,0.63688,1,0.30472,0.98207,0.48913,0.933735,0.6168,0.97289,0.389895,0.901775,0.463355,0
1,0,1,0.52039,1,0.55991,1,0.580795,1,0.639605,0.993515,0.654445,0.963725,0.688195,0.95559,0.698745,0.909695,0.730295,0.893095,0.73497,0.897,0.78141,0.851655,0.790645,0.835385,0.798615,0.794515,0.80495,0.76976,0.80466,0.72656,0.81818,0.70221,0.81329,0
0,0,1,0,1,1,1,1,1,1,1,1,1,0,1,1,1,1,1,0,1,0,1,0,1,0,1,1,1,0,1,1,1,1,1
1,0,0.550675,0.554055,0.5,0.5,0.5,0.5,0.77365,0.91216,0.655405,1,0.5,0.5,0.5,0.5,0.68581,0,0.66554,0,0.5,0.5,0.5,0.5,0.28716,0,1,0,0.777025,0.381755,0.5,0.5,0.5,0.5,1
1,0,0.99083,0.50437,0.990515,0.48091,0.987825,0.471505,0.979735,0.465145,0.99502,0.477465,0.973565,0.44449,0.966845,0.43605,0.971085,0.442085,0.89841,0.404,0.94137,0.413065,0.931285,0.406305,0.942435,0.401555,0.909065,0.39432,0.89273,0.38068,0.884555,0.384525,0.871615,0.38049,0
0,0,1,1,1,0,0.5,0.5,0.5,0.5,1,1,1,1,0,0,1,0,0,1,0.5,0.5,1,0,1,0,1,1,0,0,0.5,0.5,0.5,0.5,1
1,0,1,0.459085,1,0.44337,0.99623,0.35099,1,0.334625,0.98331,0.328595,0.92894,0.263675,0.95952,0.25915,0.86542,0.17388,0.840655,0.18228,0.91225,0.10842,0.794145,0.126075,0.835165,0.01852,0.743785,0.071655,0.689705,0.080535,0.620585,0.05577,0.646105,0.051895,0
1,0,0.978295,0.540715,0.987435,0.471665,0.985825,0.45758,0.980485,0.467195,0.973585,0.506395,0.97718,0.416025,0.97306,0.402515,0.99815,0.33866,0.951715,0.32049,0.95714,0.36342,0.9507,0.350965,0.999495,0.296265,0.93622,0.32707,0.960295,0.346905,0.919755,0.304695,0.91083,0.294135,0
1,0,0.642045,0.34091,0.5,0.5,0.84091,0,0.65341,0.979165,0.82197,0.532195,0.67424,0.07576,0.5,0.5,0.795455,0.320075,0.72538,0.09659,0.5,0.5,0.5,0.5,0.62121,0.589015,1,0.38068,0.530305,0.257575,0.58144,0.14962,0.5,0.5,1
0,0,1,1,0,0,0,0,0.5,0.5,0.5,0.5,0,0,0.5,0.5,0.5,0.5,0.5,0.5,0,1,1,1,0.5,0.5,1,0,0.5,0.5,0,0,0,0,1
1,0,0.67673,0.43116,0.846935,0.487885,0.840975,0.48213,0.778585,0.469405,0.80918,0.447665,0.810495,0.467365,0.796805,0.463555,0.711355,0.367955,0.791065,0.52496,0.74868,0.456145,0.731205,0.455055,0.72504,0.49718,0.69573,0.45481,0.67794,0.44847,0.66116,0.456815,0.644715,0.4585,0
1,0,1,0.42623,1,0.52459,0.786885,0.491805,0.82787,0.508195,0.92623,0.483605,0.860655,0.5,0.84426,0.418035,0.59836,0.42623,0.82779,0.41412,0.836065,0.516395,1,0.35246,0.65574,0.32787,0.761925,0.398375,0.663935,0.483605,0.639345,0.27869,0.7459,0.467215,1
1,0,0.97299,0.486575,0,0.630655,0.318035,0.678195,0.84629,0.182865,1,0.483235,0.3549,0.49725,0.22574,0.57726,0.959605,0.26865,1,0.24788,0.351325,0.34273,0.13068,0.686805,0.91936,0.26633,0.76104,0.20935,1,0.193035,0.45183,0.602385,0.469415,0.709565,1
1,0,0.72222,0.72222,0.768475,0.953815,0.38889,1,0.333335,0.944445,0,0.666665,0,0.444445,0,0.38889,0.166665,0.11111,0.77778,0,0.38889,0.11111,0.88889,0.38889,0.666665,0.5,0.9606,0.725095,0.78727,0.921765,0.61111,1,0.22222,1,0
1,0,1,0.5,1,0.5,0.75,0.75,0.875,0.5,0.956005,0.56047,0.945335,0.57105,0.93461,0.58114,0.875,0.625,0.875,0.75,0.875,0.5,1,0.375,0.75,0.75,0.86972,0.63194,0.875,0.625,0.848175,0.64537,0.837465,0.651465,0
1,0,0.997695,0.470555,0.926215,0.51153,0.91699,0.31146,1,0.5188,0.926215,0.411225,0.798775,0.275275,0.80268,0.308885,0.92178,0.30729,0.79106,0.33904,0.784855,0.35163,0.68473,0.263215,0.784055,0.244145,0.70539,0.26916,0.60633,0.32955,0.711335,0.227565,0.593205,0.2735,0
1,0,0.5,0.5,0.33164,0.92694,0.5,0.5,0.844345,0,0.98539,0.656925,0.36976,0.20394,0.348795,0.827825,0.970775,0.581955,0.5,0.5,0.5,0.5,0.409785,0,0.5,0.5,1,0,0.5,0.5,0.522235,0.809405,0.5,0.5,1
1,0,0.91127,0.46214,0.90231,0.501155,0.93757,0.49393,0.934105,0.46243,0.86416,0.44133,0.92312,0.525145,0.915605,0.463005,0.87399,0.533525,0.89162,0.53179,0.933815,0.48815,0.89422,0.46994,0.872255,0.48815,0.883585,0.486345,0.87023,0.46185,0.85029,0.4789,0.892195,0.50607,0
1,0,0.75056,0.48202,0.80562,0.50674,0.79438,0.507865,0.79438,0.51236,0.83371,0.497755,0.858425,0.476405,0.832585,0.504495,0.786515,0.51236,0.823595,0.46292,0.78427,0.570785,0.78764,0.48202,0.732585,0.52472,0.78294,0.50412,0.7382,0.48202,0.773035,0.55281,0.80337,0.45955,0
1,0,1,0.540065,0.983875,0.49759,0.983415,0.49639,0.9399,0.480385,1,0.507095,0.98093,0.49282,0.979735,0.491645,0.992485,0.50501,0.95576,0.45576,0.97508,0.48818,0.97318,0.487045,0.99082,0.510015,0.96886,0.48483,1,0.470785,0.96387,0.48268,0.96113,0.481635,0
1,0,1,0.22895,1,0,1,0,1,0.681085,1,0.294405,1,1,1,0,1,0.35323,1,0.032005,1,1,1,1,1,0.29556,1,0.186275,1,0,1,0,1,0,1
1,0,0.976085,0.532975,0.96807,0.56515,0.95498,0.59576,0.924405,0.25019,0.950115,0.8066,0.889685,0.67164,0.86127,0.68994,0.830725,0.70422,0.97736,0.79931,0.76629,0.72044,0.733865,0.722555,0.7022,0.720995,0.67187,0.716105,0.95165,1,0.617025,0.6981,0.59316,0.685955,0
1,0,0.857605,0.496765,0.833335,0.478965,0.815535,0.47411,0.88997,0.540455,0.83657,0.548545,0.823625,0.57929,0.80097,0.49029,0.771845,0.477345,0.73463,0.44984,0.823625,0.574435,0.695795,0.608415,0.762135,0.47249,0.725525,0.5002,0.65696,0.46602,0.745955,0.4466,0.652105,0.47411,0
1,0,0.987565,0.50355,0.992895,0.50977,1,0.50977,0.99645,0.507995,0.978685,0.511545,0.98579,0.51776,1,0.51865,0.989345,0.510655,0.992895,0.52842,0.98579,0.52398,0.97247,0.52753,0.992005,0.51776,0.9877,0.532385,0.974245,0.540855,0.99556,0.531085,0.99467,0.549735,0
1,0,1,0.49329,1,0.50783,1,0.49888,1,0.53132,0.988815,0.52237,0.979865,0.51454,1,0.53244,0.994405,0.51678,1,0.517895,0.99888,0.54698,0.978745,0.536915,1,0.550335,0.999945,0.543815,0.995525,0.542505,1,0.550335,1,0.550335,0
1,0,0.918045,0.566075,0.860855,0.530295,0.829145,0.541575,0.61944,0.564805,0.719185,0.60165,0.74709,0.56343,0.723735,0.567535,0.64676,0.51461,0.74079,0.57878,0.664175,0.57308,0.647475,0.57319,0.63218,0.57265,0.618205,0.57157,0.632145,0.580685,0.593835,0.56816,0.583275,0.56599,0
1,0,0.963285,0.52087,0.94633,0.57883,0.93049,0.598955,0.918375,0.68263,0.903095,0.70099,0.881105,0.70276,0.83293,0.7418,0.800505,0.75876,0.76696,0.7609,0.742175,0.77106,0.71273,0.77842,0.6667,0.77637,0.63489,0.77107,0.611535,0.76724,0.57156,0.74562,0.557865,0.732855,0
1,0,1,0.52535,1,0.554135,1,0.59749,1,0.642265,1,0.67413,1,0.691305,0.972875,0.714405,0.94563,0.751955,0.87953,0.794005,0.90322,0.79981,0.89789,0.81379,0.833215,0.81971,0.797085,0.847175,0.74769,0.86342,0.735135,0.858445,0.666905,0.876215,0
1,0,0.97941,0.550645,1,0.49041,0.991565,0.512775,0.98487,0.45342,0.994775,0.48642,0.9899,0.48452,1,0.473285,1,0.474105,0.9692,0.507785,0.9881,0.45358,0.989445,0.47341,0.957835,0.421625,0.978385,0.465025,0.95489,0.506535,1,0.446015,0.96572,0.46556,0
1,0,0.87352,0.433795,0.768775,0.58498,0.863635,0.54743,0.847825,0.444665,0.83399,0.38241,0.939725,0.40415,0.868575,0.52075,0.815215,0.498025,0.81818,0.44071,0.896245,0.37352,0.832015,0.35672,0.83597,0.44763,0.809235,0.439795,0.800395,0.395255,0.687745,0.534585,0.805335,0.493085,0
1,0,0.84074,0.55185,0.885185,0.517285,0.825925,0.54074,0.80494,0.49753,0.89506,0.55926,0.798765,0.52469,0.812345,0.54815,0.89136,0.412345,0.869135,0.44568,0.74321,0.50494,0.80494,0.54074,0.833335,0.4358,0.818865,0.487745,0.882715,0.51111,0.806175,0.4642,0.75679,0.476545,0
0,0,0,1,0.5,0.5,0.5,0.5,0,1,1,1,0.5,0.5,0.5,0.5,1,0,0,1,1,1,0.5,0.5,0,0,1,0,1,1,0,1,0.5,0.5,1
1,0,0.84722,0.694445,0.5,0.5,0.335315,0.849205,0.5,0.5,0.5,0.5,0.5,0.5,0.603175,0.37897,0.60516,0.59722,0.732145,0.890875,0.5,0.5,0.5,0.5,0.867065,0.636905,0.88095,0.81746,0.5,0.5,0.5,0.5,0.5,0.5,1
1,0,0.87458,0.512745,0.99497,0.54896,0.879275,0.564385,0.871565,0.45406,0.97921,0.51241,0.989605,0.497655,0.98055,0.550975,0.95741,0.51878,0.85513,0.513415,0.906105,0.45976,1,0.5,0.85882,0.493965,0.911355,0.51276,0.862175,0.494635,0.952045,0.55533,0.864185,0.51375,0
0,0,0.5,0.5,0.5,0.5,0.5,0.5,0.5,0.5,0.5,0.5,0.5,0.5,0.5,0.5,0.5,0.5,0.5,0.5,0.5,0.5,0.5,0.5,0.5,0.5,1,0,0.5,0.5,0.5,0.5,0.5,0.5,1
1,0,0.88148,0.46111,1,0.35185,1,0.071295,0.9,0.530555,0.72778,0.28611,1,0.437095,1,0.082405,0.746295,0.50926,0.91111,0.47037,0.991075,0.40031,1,0.610185,0.84815,0.367595,0.96074,0.377255,0.894445,0.510185,0.93746,0.364475,1,0.214815,0
1,0,1,0.45238,0,0,0,0,1,0.65873,0.906745,0.88095,0,0,0,1,0.73682,1,1,1,0.844195,0,0,0,0.914685,0.68254,1,1,1,0.75397,0,0.3373,0,0.864155,1
1,0,1,0.49694,1,0.45083,1,0.461755,1,0.446975,1,0.444635,1,0.302555,1,0.42192,0.96062,0.34058,0.932365,0.32733,0.958465,0.27964,0.9803,0.26567,0.90937,0.29814,0.913405,0.288845,0.87892,0.308845,0.90224,0.297125,0.87177,0.274805,0
1,0,0.810605,0.18182,0.5,0.5,0.5,0.5,0.67235,0.64394,0.714015,0.69697,0.46212,0.75947,0.68182,0.657195,0.23106,0.664775,0.560605,0.426135,0.50947,0.232955,0.21212,0.589015,0.645835,0.363635,0.62879,0.21212,0.71591,0.62121,0.59091,0.488635,0.585225,0.291665,1
1,0,0.95058,0.583035,0.896495,0.686895,0.86495,0.752575,0.79892,0.864985,0.721515,0.90576,0.62206,0.937465,0.53219,0.92519,0.436945,0.93698,0.356305,0.898085,0.266825,0.82962,0.214325,0.769025,0.159205,0.699755,0.14078,0.629175,0.138155,0.55609,0.142625,0.472375,0.161505,0.40048,0
1,0,0.973245,0.50446,0.986435,0.4987,0.99461,0.50186,0.979005,0.50799,0.97027,0.51765,0.986065,0.523595,0.993125,0.50929,0.971385,0.535675,0.992755,0.49647,0.98885,0.5249,0.98179,0.53549,0.96637,0.540505,0.976215,0.52178,0.987365,0.50409,0.989225,0.535305,1,0.4987,0
1,0,0.917135,0.695605,0.7702,0.892895,0.56163,0.94701,0.333895,0.91789,0.14957,0.79782,0.06689,0.609545,0.07779,0.37918,0.20143,0.19053,0.40323,0.061065,0.562195,0.05468,0.755545,0.13773,0.895715,0.36133,0.91504,0.54359,0.83296,0.745395,0.68771,0.850055,0.480085,0.89722,0
1,0,0.76271,0.48305,0.974575,0.542375,0.76271,0.415255,0.65254,0.491525,0.754235,0.432205,0.822035,0.64407,0.915255,0.322035,0.771185,0.508475,0.77966,0.51695,0.79661,0.65254,0.932205,0.525425,0.70339,0.57627,0.836435,0.49867,0.83051,0.48305,0.915255,0.42373,0.881355,0.449155,0
0,0,0.5,0.5,0,0,1,1,0,1,0,1,1,0,1,1,0,0,0,1,1,0,0,1,0,1,1,0,0,1,0,0,1,0,1
0,0,1,1,0.5,0.5,0.5,0.5,0,0,0.5,0.5,0.5,0.5,0,0,0,0,0,1,0,1,0.5,0.5,0.5,0.5,1,0,0,1,0,1,0,1,1
1,0,0,0,1,1,1,0.428125,0.5,0.5,0,1,1,1,0.589585,0,0,0,0.54375,0,1,0,0,1,0,0,1,0,0,0,1,1,0.5,0.5,1
1,0,0.87395,0.5042,0.91656,0.508295,0.91319,0.512345,0.932775,0.508405,0.80252,0.52941,0.895465,0.523655,0.887205,0.527035,0.82353,0.59664,0.92017,0.52101,0.856425,0.53561,0.844475,0.537885,0.831935,0.542015,0.81864,0.54148,0.806725,0.508405,0.790935,0.543785,0.77665,0.544455,0
1,0,0.97026,0.492345,0.97085,0.505005,0.97497,0.49264,0.97939,0.4947,0.973205,0.48145,0.985865,0.491165,0.985275,0.480565,0.977325,0.47968,0.97615,0.476445,0.971145,0.489105,0.964075,0.477915,0.960245,0.47762,0.963475,0.470865,0.95171,0.462605,0.959955,0.46378,0.960245,0.4629,0
1,0,0.944265,0.508155,0.960035,0.506525,0.96221,0.506795,0.945895,0.448885,0.950515,0.45786,0.9652,0.494835,0.96547,0.45541,0.930125,0.474715,0.947255,0.47988,0.94209,0.43937,0.944535,0.440455,0.9149,0.42931,0.932265,0.44096,0.92768,0.434745,0.91762,0.43774,0.93393,0.438825,0
1,0,0.941205,0.65317,0.86616,0.78908,0.670545,0.792635,0.528585,1,0.45381,0.96059,0.187985,0.85998,0.151165,0.66279,0.09289,0.705975,0,0.496125,0.105135,0.294575,0.115495,0.27261,0.21379,0.161975,0.34195,0.09062,0.485105,0.065795,0.62696,0.089365,0.50097,0.09157,0
1,0,0.54348,0.50343,0.569795,0.479405,0.55263,0.45881,0.56293,0.46911,0.616705,0.49428,0.561785,0.5389,0.573225,0.432495,0.64531,0.475975,0.594965,0.536615,0.55835,0.5,0.556065,0.498855,0.575515,0.448515,0.542335,0.506865,0.556065,0.46682,0.548055,0.463385,0.55835,0.465675,1
0,0,0.5,0.5,0.5,0.5,0.5,0.5,0.5,0.5,0.5,0.5,0.5,0.5,0.5,0.5,0.5,0.5,0.5,0.5,0.5,0.5,0.5,0.5,0.5,0.5,1,0,0.5,0.5,0.5,0.5,0.5,0.5,1
0,0,0,1,1,0,0.5,0.5,0.5,0.5,1,0,1,1,0.5,0.5,1,0,0.5,0.5,0.5,0.5,1,1,0,1,1,0,0,1,0,0,0.5,0.5,1
1,0,0.508335,0.321875,0.5,0.5,0.5,0.5,0.5,0.5,0.5,0.5,0.5,0.5,0.56146,0.225,0.614065,0.914065,1,0.28854,0.5,0.5,0.541665,0,0.446875,0.416665,1,0.116665,0,0.59427,0.5,0.5,1,0.36354,1
1,0,0.981775,0.46401,1,0.428335,1,0.393435,1,0.31913,0.96285,0.282155,0.97255,0.29666,0.95196,0.268095,0.991525,0.323715,0.922685,0.1699,0.87673,0.197055,0.848185,0.178875,0.92553,0.1728,0.787885,0.15144,0.627175,0.180405,0.72557,0.136105,0.694475,0.1329,0
1,0,1,0.61529,1,0.107455,1,0.447995,1,0.57707,1,0.6391,0.9906,0.465695,1,0.53305,0.97901,0.40523,0.91792,0.421835,0.987,0.51864,0.99812,0.54621,1,0.493735,0.98119,0.477015,0.955825,0.519425,1,0.43139,0.982615,0.441415,0
1,0,1,1,1,1,0.95505,1,0.36515,1,0.08424,1,0,1,0,0.86263,0,0.211105,0,0.28974,0,0,0.23581,0,0.95007,0,1,0,1,0,1,0.32657,1,0.674225,0
1,0,0.5,0.5,0.5,0.5,0.5,0.5,0.5,0.5,0.5,0.5,0,1,1,0.77586,0.5,0.5,0.5,0.5,0.5,0.5,0.5,0.5,0.5,0.5,1,1,0.5,0.5,0.5,0.5,0.5,0.5,1
1,0,0.899235,0.691325,0.90402,0.41518,1,0.461735,0.990755,0.46301,0.851085,0.603315,0.998725,0.510525,0.99107,0.512435,1,0.43463,0.978315,0.538585,1,0.500955,0.95153,0.65402,1,0.427295,1,0.49803,0.87819,0.53954,1,0.40625,1,0.4713,0
1,0,0.51926,0.51284,0.50214,0.5,0.509985,0.490015,0.5107,0.475035,0.47575,0.49358,0.507135,0.48859,0.5,0.483595,0.47646,0.485735,0.49144,0.51783,0.5107,0.50214,0.52568,0.48859,0.52568,0.50927,0.51997,0.507845,0.509985,0.503565,0.48716,0.49073,0.492865,0.509985,1
1,0,1,0.83892,0.906545,0.910105,0.715095,1,0.603095,0.902705,0.28064,1,0.104325,0.88546,0,0.70134,0.30477,0.20683,0.010465,0.28589,0.134585,0.118305,0.311645,0.012545,0.70683,0,0.70889,0.03352,0.628865,0,0.96785,0.32389,0.99408,0.51723,0
1,0,1,0.508545,0.981075,0.48429,1,0.48282,1,0.474645,0.99513,0.46454,0.995865,0.45499,1,0.421365,1,0.428715,0.99155,0.440935,1,0.407405,1,0.40364,0.994855,0.389585,0.98245,0.398785,0.972995,0.414385,0.98218,0.387195,0.935055,0.38352,0
1,0,0.7877,0.484125,0.87599,0.473215,0.80754,0.49405,0.76984,0.516865,0.80853,0.549605,0.795635,0.488095,0.81349,0.50595,0.854165,0.512895,0.801585,0.507935,0.739085,0.48611,0.795635,0.51885,0.75,0.51984,0.806455,0.493815,0.80853,0.43254,0.844245,0.493055,0.8125,0.484125,0
1,0,1,0.53269,1,0.60373,1,0.631405,0.965255,0.661065,0.933865,0.695195,0.87737,0.75041,0.897775,0.761605,0.82977,0.80378,0.788095,0.814995,0.739035,0.835675,0.702765,0.8442,0.67192,0.86041,0.63856,0.86193,0.59648,0.85341,0.55686,0.86344,0.53495,0.85722,0
1,0,1,0.57143,1,0.857145,1,0.857145,1,0.42857,0.92857,0.42857,1,0.51267,1,0.5,0.714285,0.42857,1,0.518085,1,0.357145,1,0.5,0.642855,0.357145,1,0.524455,1,0.52591,1,0.785715,1,0.5,0
1,0,0.917395,0.644965,0.84628,0.73851,0.74617,0.841905,0.609955,0.933805,0.45952,0.925055,0.32221,0.888405,0.236325,0.792125,0.14825,0.656455,0.120895,0.519695,0.143875,0.423415,0.208425,0.30416,0.314005,0.23523,0.41525,0.195685,0.542125,0.19256,0.62582,0.25766,0.702955,0.323305,0
0,0,0.5,0.5,0.5,0.5,1,0,0.5,0.5,0,0,0.5,0.5,0.5,0.5,1,1,0,0,0.5,0.5,0.5,0.5,1,1,1,1,0.5,0.5,1,1,0.5,0.5,1
1,0,0.987335,0.56541,0.9706,0.60018,0.943915,0.66124,0.945045,0.663555,0.92775,0.726085,0.86149,0.76142,0.84973,0.7941,0.79274,0.834465,0.744345,0.85199,0.721225,0.840795,0.676445,0.87811,0.63416,0.88105,0.584065,0.892705,0.537485,0.902195,0.48519,0.88851,0.448555,0.87121,0
1,0,0.171875,0.578125,0.53125,0.5,0.5,0.53125,0.8125,0.53125,0.59375,0.5,0.484375,0.546875,0.53125,0.5,0.578125,0.421875,0.71875,0.3125,0.5,0.453125,0.5,0.5,0.515625,0.265625,0.515625,0.5,0.140625,0.515625,0.484375,0.5,0.5,0.546875,1
1,0,1,1,0.6835,0.53079,0.564965,0.963565,0.36207,0.96798,0.342365,0.688425,0.06404,0.68473,0.035715,0.455665,0.30542,0.32882,0.26724,0.08744,0.472905,0.03202,0.62808,0.397785,0.86896,0.27025,0.927355,0.465845,1,1,0.69335,0.50123,0.58879,0.89895,0
1,0,0.84099,0.41343,0.91166,0.60954,0.733215,0.66431,0.628975,0.79152,1,0.42403,0.5053,0.722615,0.5053,0.694345,0.593405,0.70584,0.552835,0.681765,0.521625,0.653725,0.499585,0.62468,0.48569,0.597025,0.47843,0.572405,0.476105,0.551745,0.477075,0.53532,0.479935,0.52293,1
1,0,0.961235,0.40276,0.982095,0.41163,0.93512,0.38699,0.90851,0.36465,0.896355,0.355455,0.85151,0.251805,0.81669,0.250165,0.68627,0.146355,0.63535,0.139455,0.70253,0.22914,0.667545,0.201545,0.57375,0.181995,0.54656,0.202055,0.46419,0.22536,0.4908,0.22963,0.462715,0.26051,0
1,0,0.80769,0.594615,0.890785,0.5089,0.88743,0.513235,0.825385,0.44846,0.88769,0.54,0.869805,0.5253,0.86161,0.52888,0.843075,0.455385,0.80846,0.58154,0.831165,0.537865,0.81939,0.540205,0.80077,0.463845,0.794015,0.543835,0.775385,0.62846,0.766945,0.546035,0.753045,0.54661,0
1,0,0.96986,0.64041,0.90243,0.764105,0.790835,0.865755,0.674805,0.902555,0.553985,0.952015,0.399925,0.946675,0.30135,0.910815,0.205825,0.814335,0.118475,0.70184,0.09369,0.59444,0.093415,0.47858,0.123635,0.365585,0.183815,0.26781,0.26789,0.19277,0.368055,0.145825,0.455315,0.143635,0
1,0,0.867615,0.308535,0.900755,0.55139,0.89413,0.57633,0.7779,0.52626,1,0.606125,0.859735,0.64477,0.84399,0.664625,0.74836,0.586435,0.821665,0.485775,0.786995,0.71264,0.7656,0.72436,0.97265,0.787745,0.72087,0.741,0.562365,1,0.67535,0.748605,0.65294,0.749155,0
1,0,0.82061,0.507015,0.67073,0.487805,0.763755,0.51733,0.59756,0.560975,0.716565,0.523775,0.609755,0.52439,0.64634,0.5,0.682925,0.5,0.658535,0.536585,0.634145,0.560975,0.61849,0.529065,0.609755,0.54878,0.59652,0.528205,0.58705,0.52752,0.59756,0.5,0.585365,0.536585,0
1,0,0.952735,0.705565,0.82677,0.873805,0.649605,0.979525,0.43329,0.9891,0.23882,0.916315,0.101715,0.77543,0.016845,0.57596,0.034995,0.37223,0.140685,0.203105,0.29227,0.073975,0.48875,0.03106,0.68159,0.07316,0.83769,0.190205,0.929885,0.359385,0.94327,0.549,0.877475,0.731505,0
1,0,0.692605,0.57782,0.706225,0.536965,0.632295,0.620625,0.61673,0.56615,0.597275,0.62646,0.62257,0.684825,0.544745,0.614785,0.480545,0.684825,0.52529,0.624515,0.624515,0.54864,0.53891,0.649805,0.48753,0.64241,0.46988,0.63128,0.42607,0.57393,0.453305,0.65564,0.40467,0.64397,1
1,0,0.922785,0.4571,0.341275,0.097235,0.455195,0.217825,0.90324,0.52288,0.94757,0.496185,0.40753,0.81983,0.399905,0.159675,0.928505,0.44328,0.889895,0.421355,0.465205,0.75405,0.32936,0.90467,0.89466,0.48141,0.85441,0.37356,0.88942,0.429455,0.39323,0.10915,0.40753,0.200665,1
1,0,0.977795,0.499225,0.932105,0.43378,0.97491,0.497695,0.914045,0.244145,0.962205,0.55184,1,0.428765,0.99632,0.48729,0.979265,0.42241,0.920065,0.808695,1,0.418395,0.93746,0.457525,0.928705,0.49168,0.92066,0.491155,0.912135,0.490665,0.90317,0.490215,0.893805,0.489805,0
1,0,1,0.488705,1,0.47753,1,0.46659,1,0.456005,1,0.780865,1,0.43631,1,0.42739,1,0.662035,1,0.411805,0.99742,0.405255,0.978005,0.399595,1,0.03858,0.9364,0.391035,0.9146,0.38815,0.892395,0.386175,0.86996,0.385095,0
1,0,1,0.494595,1,0.486485,1,0.46757,0.975675,0.49189,0.994595,0.483785,0.994595,0.543245,1,0.46757,0.975675,0.545945,0.98919,0.497295,1,0.53243,1,0.52162,0.98919,0.545945,0.99278,0.506255,1,0.483785,1,0.513515,1,0.464865,0
1,0,0.58594,0,0,1,0.5,0.5,0.5,0.5,0,1,0.5,0.5,0.19323,0.16146,0.902605,0.68073,0.759895,0.571875,0.5,0.5,0,0.364585,0.07604,0.98125,1,1,0,0.83854,0.5,0.5,0.5,0.5,1
1,0,0.843645,1,0.959865,0.119565,0.908865,0.52174,0.880435,0.55351,0.933945,0.86873,0.850335,0.591135,0.8796,0.56856,0.96739,0.37458,0.85368,0.593645,0.824415,0.62291,0.801005,0.887125,1,0.23077,0.94631,0.61108,0.85535,0.76923,1,0.46739,0.78261,0.619565,1
1,0,0.5,0.5,1,0,0.5,0.5,0.5,0.5,1,1,1,0.37329,1,0.61644,1,0,0.5,0.5,0.5,0.5,1,1,0.5,0.5,1,0,0.5,0.5,1,0,0.5,0.5,1
1,0,0.94058,0.637375,0.860625,0.714405,0.807795,0.81831,0.694125,0.95251,0.549155,0.98064,0.399515,0.946,0.321315,0.8875,0.17443,0.81105,0.10616,0.727675,0.09072,0.595475,0.080285,0.459605,0.10833,0.36822,0.162215,0.272445,0.22634,0.19571,0.34744,0.1665,0.40344,0.122015,0
1,0,0.5,0.5,0,0.18617,1,0.75532,0.539895,0.38298,0,0.31915,0.56383,0.204785,1,0,0.5,0.5,0.914895,0.460105,0.375,1,0.585105,0.146275,0.5,0.5,0.404255,0.265955,0.3883,0.25532,0.87234,0.95213,0.162235,0.728725,1
1,0,0.747575,0.548545,0.64806,0.529125,0.674755,0.5,0.78641,0.487865,0.79126,0.512135,0.667475,0.52427,0.762135,0.502425,0.735435,0.4466,0.71602,0.502425,0.674755,0.529125,0.59466,0.62864,0.65534,0.424755,0.682735,0.519075,0.6966,0.58738,0.63107,0.5,0.686895,0.49029,0
1,0,0.973505,0.49983,0.966035,0.483865,0.975885,0.482845,0.97792,0.51223,0.97062,0.50883,0.962975,0.52344,0.96977,0.492695,0.974185,0.51002,0.96892,0.506965,0.95703,0.538385,0.94735,0.53074,0.96994,0.515965,0.962445,0.51271,0.9606,0.51121,0.962295,0.50221,0.963485,0.497115,0
